Date,AAPL_Bloomberg,CLZ5.COMB.Comdty,EURUSDV1M,SPX.Index,USD.Index,USDCNYV1M.BGN.Curncy,USDJPYV1M.BGN.Curncy,VIX.Index
0.837301587,25.8371,86.09,10.245,1029.85,77.188,0.6575,13.7775,28.27
0.841269841,26.4143,85.55,10.35,1025.21,77.003,0.66,13.91,28.68
0.853174603,26.5749,85.87,10.285,1040.46,76.642,0.6625,13.6975,26.84
0.857142857,27.1443,86.27,10.275,1054.72,76.335,0.695,14.055,25.7
0.861111111,27.1786,85.66,10.15,1057.58,76.494,0.695,14.1375,24.68
0.865079365,27.0386,88.05,10.035,1065.48,75.966,0.69,14.22,24.18
0.869047619,27.21,88.76,10.135,1071.49,76.431,0.69,13.75,23.12
0.880952381,27.2586,89.89,10.4425,1076.19,76.126,0.67,13.6425,23.01
0.884920635,27.1457,90.67,10.705,1073.19,75.976,0.655,13.6125,22.99
0.888888889,27.3271,90.56,11.295,1092.02,75.551,0.765,13.825,22.86
0.892857143,27.2229,91.6,10.86,1096.56,75.481,0.865,13.7425,21.72
0.896825397,26.8643,92.44,10.59,1087.68,75.597,0.89,13.7075,21.43
0.908730159,27.1229,92.89,10.85,1097.91,75.51,1.025,13.795,21.49
0.912698413,28.3943,92.45,10.5175,1091.06,75.565,0.85,13.855,20.9
0.916666667,29.2743,94.36,10.35,1081.4,74.972,0.93,13.49,22.22
0.920634921,29.3143,94.13,10.27,1092.91,75.094,0.9375,13.32,20.69
0.924603175,29.1343,93.95,10.035,1079.6,75.468,0.86,13.1575,22.27
0.936507937,28.9257,92.88,10.4,1066.95,76.061,0.87,13.21,24.31
0.94047619,28.1957,93.25,10.775,1063.41,76.135,0.785,13.235,24.83
0.944444444,27.4857,91.51,11.1475,1042.63,76.425,0.755,13.7025,27.91
0.948412698,28.05,93.74,10.43,1066.11,75.917,0.775,13.375,24.76
0.952380952,26.9286,91.84,10.525,1036.19,76.3,0.76,13.085,30.69
0.924603175,27.0443,93.46,11.1675,1042.88,76.29,0.77,13.7675,29.78
0.928571429,26.9643,93.94,12.33,1045.41,76.386,0.745,14.08,28.81
0.932539683,27.2586,94.9,11.53,1046.5,75.643,0.7875,13.505,27.72
0.936507937,27.7186,93.93,10.825,1066.63,75.741,0.7775,13.26,25.43
0.94047619,27.7629,92.29,10.47,1069.3,75.819,0.7575,12.7975,24.19
0.952380952,28.78,93.86,10.7075,1093.08,75.026,0.785,12.5425,23.15
0.956349206,28.9971,93.36,10.7175,1093.01,75.021,0.7875,12.195,22.84
0.96031746,29.0357,94.17,10.5025,1098.51,75.162,0.775,12.1575,23.04
0.964285714,28.8557,92.88,10.55,1087.24,75.596,0.8,11.595,24.24
0.968253968,29.2071,92.39,10.14,1093.48,75.334,1.09,11.325,23.36
0.988095238,29.4229,95.66,10.55,1109.8,75.185,0.8,11.21,21.63
0.992063492,28.6443,94.57,10.735,1094.9,75.293,0.8,11.03,22.63
0.996031746,28.56,94.63,10.725,1091.38,75.656,0.765,11.105,22.19
1.007936508,29.4114,94.32,10.48,1106.24,75.085,0.79,10.8025,21.16
1.011904762,29.2057,93.08,10.395,1105.65,75.068,0.78,10.645,20.47
1.015873016,29.17,95.33,10.505,1110.63,74.269,0.8,11.475,20.48
1.023809524,28.6557,94.62,11.3,1091.49,74.996,0.815,14.26,24.74
1.015873016,27.6171,96.97,10.125,1105.98,75.911,0.6375,12.6125,21.25
1.027777778,26.9929,96.28,10.335,1103.25,75.767,0.645,12.7275,22.1
1.031746032,27.1243,95.01,10.525,1091.94,76.31,0.575,13.41,23.69
1.035714286,28.2571,92.66,10.35,1095.95,76.038,0.59,13.9125,22.66
1.03968254,28.0614,92.07,9.72,1102.35,76.045,0.5725,13.395,22.32
1.043650794,27.81,91.65,9.8,1106.41,76.573,0.5675,12.785,21.59
1.055555556,28.14,91.23,10.02,1114.11,76.352,0.58,13.305,21.15
1.05952381,27.7386,91.15,10.46,1107.93,76.961,0.565,13.575,21.49
1.063492063,27.8614,92.38,10.1975,1109.18,76.995,0.5975,13.4925,20.54
1.067460317,27.4086,91.89,10.75,1096.08,77.694,0.55,13.135,22.51
1.071428571,27.9186,92.71,10.5825,1102.47,77.821,0.59,13.3325,21.68
1.083333333,28.3186,92.12,10.675,1114.05,78.037,0.545,13.67,20.49
1.087301587,28.6229,92.6,11.17,1118.02,78.25,0.5675,13.795,19.54
1.091269841,28.8714,93.19,11.14,1120.59,77.897,0.555,13.825,19.71
1.095238095,29.8629,93.97,11.01,1126.48,77.734,0.57,13.645,19.47
1.111111111,30.23,94.01,10.965,1127.78,77.633,0.545,13.925,19.93
1.115079365,29.8714,94.29,10.915,1126.2,77.831,0.475,14.04,20.01
1.119047619,30.2343,94.59,11.015,1126.42,77.914,0.6275,13.74,19.96
1.123015873,30.1046,94.04,11.045,1115.1,77.86,0.585,13.595,21.68
1.099206349,30.5729,95.59,11.05,1132.99,77.525,0.5475,13.685,20.04
1.103174603,30.6257,95.92,10.59,1136.52,77.619,0.515,13.32,19.35
1.107142857,30.1386,97.24,10.5425,1137.14,77.493,0.5375,12.9025,19.16
1.111111111,30.0829,96.71,10.6375,1141.69,77.913,0.4875,13.1,19.06
1.115079365,30.2829,97.52,10.395,1144.98,77.471,0.6725,12.88,18.13
1.142857143,29.4186,94.15,10.125,1136.03,77.323,0.7125,12.16,17.91
1.158730159,30.72,94.64,10.295,1150.23,77.5,0.7925,12.005,17.58
1.162698413,30.2464,93.65,10.995,1138.04,78.338,0.795,11.72,18.68
1.166666667,29.7246,92.05,10.765,1116.48,78.32,0.81,12.035,22.27
1.170634921,28.25,90.24,10.65,1091.76,78.277,0.835,12.8625,27.31
1.182539683,29.0107,91.16,10.58,1096.78,78.19,0.82,12.77,25.41
1.186507937,29.42,90.4,10.8,1092.17,78.432,0.86,13.225,24.55
1.19047619,29.6977,89.56,10.7,1097.5,78.675,0.87,13.14,23.14
1.194444444,28.47,89.33,10.65,1084.53,78.904,1.09,12.7875,23.73
1.198412698,27.4376,88.51,10.845,1073.87,79.462,2.475,12.84,24.62
1.170634921,27.8186,89.83,10.5675,1089.19,79.242,2.3,12.555,22.59
1.174603175,27.98,90.87,10.285,1103.32,79.014,2.1875,12.245,21.48
1.178571429,28.4614,91.33,10.43,1097.28,79.372,2.14,11.9575,21.6
1.182539683,27.4357,88.34,11.505,1063.11,79.916,1.91,12.85,26.08
1.186507937,27.9229,86.15,12.64,1066.19,80.441,1.7475,13.425,26.11
1.198412698,27.7314,86.48,12.035,1056.74,80.302,1.935,12.8325,26.51
1.202380952,28.0271,88.25,11.7325,1070.52,79.863,1.795,12.48,26
1.206349206,27.8737,88.4,11.7225,1068.13,80.028,1.7325,12.3225,25.4
1.21031746,28.3814,89.09,11.54,1078.47,79.994,1.895,12.0475,23.96
1.214285714,28.6257,88.4,11.435,1075.51,80.218,1.84,11.955,22.73
1.23015873,29.0571,90.23,11.02,1094.87,79.7,1.84,11.4825,22.25
1.234126984,28.9357,90.12,11.305,1099.51,80.376,1.845,11.655,21.72
1.238095238,28.9897,90.34,11.495,1106.75,80.398,1.9725,11.53,20.63
1.242063492,28.81,89.24,11.43,1109.17,80.643,1.9325,11.5975,20.02
1.253968254,28.6309,89.84,11.06,1108.01,80.507,1.96,11.325,19.94
1.257936508,28.1513,88.57,11.485,1094.6,80.85,1.94,11.555,21.37
1.261904762,28.6651,89.14,11.21,1105.24,80.849,2.215,11.41,20.27
1.265873016,28.8571,87.88,11.36,1102.94,80.787,2.19,11.745,20.1
1.26984127,29.2314,88.65,10.985,1104.49,80.362,2.19,11.4075,19.5
1.253968254,29.8557,88.53,11.135,1115.71,80.658,2.22,11.4425,19.26
1.257936508,29.8357,89.23,11.05,1118.31,80.521,2.205,11.4025,19.06
1.261904762,29.9043,90.14,10.89,1118.79,79.977,2.195,11.395,18.83
1.265873016,30.1014,90.23,10.7525,1122.97,80.561,2.2425,11.245,18.72
1.26984127,31.2786,91.22,10.395,1138.7,80.432,1.9025,11.245,17.42
1.281746032,31.2971,91.84,10.35,1138.5,80.432,2.36,11.4775,17.79
1.285714286,31.86,91.24,10.315,1140.45,80.592,2.39,11.415,17.92
1.28968254,32.12,91.07,9.865,1145.61,80.445,2.32,11.09,18.57
1.293650794,32.2143,90.95,9.565,1150.24,80.323,2.2325,10.845,18.06
1.297619048,32.3714,89.76,9.345,1149.99,79.833,2.75,10.745,17.58
1.30952381,31.9771,88.43,9.44,1150.51,80.251,2.13,10.8075,18
1.313492063,32.0643,88.92,9.305,1159.46,79.753,1.7775,10.715,17.69
1.317460317,32.0171,89.38,9.08,1166.21,79.638,1.4375,10.3675,16.91
1.321428571,32.0929,88.97,9.43,1165.83,80.225,1.385,9.925,16.62
1.325396825,31.75,87.73,9.695,1159.9,80.724,1.315,9.785,16.97
1.337301587,32.1071,88.21,10.165,1165.81,80.651,1.255,10.555,16.87
1.341269841,32.6229,88.08,9.885,1174.17,80.896,1.275,9.91,16.35
1.345238095,32.7671,87.39,10.965,1167.72,81.838,1.285,10.8775,17.55
1.349206349,32.3786,87.33,10.91,1165.73,82.12,1.22,11.1,18.4
1.353174603,32.9857,86.65,10.68,1166.59,81.676,1.18,10.8125,17.77
1.365079365,33.1986,87.47,10.51,1173.22,81.358,1.21,10.985,17.59
1.369047619,33.6921,87.75,10.53,1173.27,81.47,1.3875,10.945,17.13
1.373015873,33.5714,88.65,10.165,1169.43,81.073,1.325,11.135,17.59
1.337301587,33.71,90.01,9.9375,1178.1,80.776,1.33,11.2625,17.47
1.353174603,34.07,92.16,9.92,1187.44,81.094,1.615,11.03,17.02
1.357142857,34.22,92.48,10.04,1189.44,81.387,2.11,11.105,16.23
1.361111111,34.3714,92.4,10.02,1182.45,81.443,2.2225,10.8875,16.62
1.365079365,34.2786,92.25,10,1186.44,81.534,2.53,10.9825,16.48
1.369047619,34.5414,92.49,10.035,1194.37,81.093,3.205,10.6925,16.14
1.380952381,34.6129,93.05,10.1075,1196.48,80.562,3.21,10.545,15.58
1.384920635,34.6329,92.54,9.7625,1197.3,80.507,2.7775,10.655,16.2
1.388888889,35.0986,93.58,9.5825,1210.65,80.19,2.75,10.3875,15.59
1.392857143,35.56,94.54,9.5925,1211.67,80.482,3.4925,10.1,15.89
1.396825397,35.3429,93.65,9.975,1192.13,80.824,3.3125,10.235,18.36
1.408730159,35.2957,92.77,10.16,1197.52,81,3.025,10.5675,17.34
1.412698413,34.9414,93.02,9.935,1207.17,81.049,3.235,10.1575,15.73
1.416666667,37.0314,94.76,9.975,1205.94,81.161,3.045,10.035,16.32
1.420634921,38.0671,94.54,10.715,1208.67,81.567,3.44,10.0125,16.47
1.424603175,38.69,94.89,10.855,1217.28,81.352,3.54,10.185,16.62
1.436507937,38.5,95.19,10.9125,1212.05,81.481,3.37,10.285,17.47
1.44047619,37.4343,94.42,12.06,1183.71,82.146,3.27,10.72,22.81
1.444444444,37.3714,94.46,12.295,1191.36,82.381,3.13,10.6675,21.08
1.448412698,38.3771,94.65,11.405,1206.78,82.003,3.13,10.085,18.44
1.452380952,37.2986,95.5,11.195,1186.69,81.866,3.255,10.15,22.05
1.428571429,38.05,97.39,11.345,1202.26,82.272,3.225,10.345,20.19
1.432539683,36.9543,95.95,12.165,1173.6,83.299,3.01,10.61,23.84
1.436507937,36.5693,94.49,13.33,1165.9,84.079,2.7925,11.34,24.91
1.44047619,35.1786,92.16,16.2275,1128.15,84.894,2.415,14.05,32.8
1.444444444,33.6943,91.98,15.59,1110.88,84.45,2.07,15.355,40.95
1.456349206,36.2843,93.56,14.7,1159.73,84.156,2.395,13.64,28.84
1.46031746,36.6457,93.14,14.805,1155.79,84.467,2.46,13.605,28.32
1.464285714,37.4414,93.67,13.645,1171.67,84.828,2.375,12.59,25.52
1.468253968,36.9086,92.81,13.075,1157.44,85.207,2.375,11.88,26.68
1.472222222,36.26,90.22,14.7025,1135.68,86.095,2.69,12.53,31.24
1.484126984,36.3171,87.56,15.1075,1136.94,86.205,2.9625,12.94,30.84
1.488095238,36.0514,88.05,15.6725,1120.8,87.162,3.0175,12.65,33.55
1.492063492,35.4771,86.87,16.6075,1115.05,86.392,3.0275,13.52,35.32
1.496031746,33.9657,84.92,17.735,1071.59,85.565,2.9625,16.775,45.79
1.5,34.6171,85.74,16.455,1087.69,85.371,3.01,16.35,40.1
1.511904762,35.2514,85.62,15.565,1073.65,86.206,2.71,14.49,38.32
1.515873016,35.0314,83.91,16.435,1074.03,86.779,2.59,15.605,34.61
1.51984127,34.8727,85.29,16.51,1067.95,87.121,1.8275,14.195,35.02
1.523809524,36.1929,88.07,15.805,1103.06,86.185,1.7975,13.425,29.68
1.527777778,36.6971,87.93,15.655,1089.41,86.48,1.765,13.15,32.07
1.503968254,37.2614,87.21,16.4,1070.71,86.643,1.725,13.6,35.54
1.507936508,37.7071,88.63,16.21,1098.38,86.793,1.565,13.47,30.17
1.511904762,37.5886,89.64,15.7525,1102.83,87.136,1.395,12.9475,29.46
1.515873016,36.5664,87.2,16.595,1064.88,88.233,1.14,13.25,35.48
1.527777778,35.8486,88.43,17.045,1050.47,88.405,1.095,13.555,36.57
1.531746032,35.6186,88.5,16.74,1062,88.394,1.085,13.715,33.7
1.535714286,34.7429,89,15.62,1055.69,87.897,1.0475,13.0475,33.73
1.53968254,35.7871,89.56,14.6875,1086.84,87.169,1.09,12.7125,30.57
1.543650794,36.2157,89.45,13.8075,1091.6,87.507,1.105,11.935,28.79
1.555555556,36.3257,89.35,13.4025,1089.63,86.511,1.47,11.7325,28.58
1.55952381,37.0986,89.54,13.6825,1115.23,85.981,1.5925,11.755,25.87
1.563492063,38.1786,90.02,13.615,1114.61,86.083,1.72,11.61,25.92
1.567460317,38.8386,89.8,13.27,1116.04,85.688,1.72,11.2975,25.05
1.571428571,39.1534,89.53,12.8675,1117.51,85.699,2.48,10.78,23.95
1.583333333,38.5957,89.52,13.0275,1113.2,85.932,3.9975,10.935,24.88
1.587301587,39.1214,89.32,13.02,1095.31,86.106,3.81,10.875,27.05
1.591269841,38.71,87.97,13.0475,1092.04,85.741,3.8825,11.0825,26.91
1.595238095,38.4286,87.27,12.95,1073.69,85.733,3.65,11.58,29.74
1.599206349,38.1,88.5,13.115,1076.76,85.313,3.65,11.5175,28.53
1.611111111,38.3286,88.24,13.11,1074.57,85.652,3.41,11.43,29
1.615079365,36.5957,86.19,13.9,1041.24,86.025,3.235,12.27,34.13
1.619047619,35.9329,85.14,13.555,1030.71,86.019,3.07,11.9375,34.54
1.587301587,35.4971,83.91,13.845,1027.37,84.716,2.8975,12.99,32.86
1.591269841,35.2771,83.21,13.305,1022.58,84.427,2.94,12.285,30.12
1.607142857,35.5186,83.92,12.805,1028.06,84.083,2.46,11.3225,29.65
1.611111111,36.9521,85.73,12.67,1060.27,83.822,2.28,11.3025,26.84
1.615079365,36.87,86.86,12.28,1070.25,83.824,1.8325,10.785,25.71
1.619047619,37.0886,86.36,12,1077.96,83.947,1.7325,10.715,24.98
1.630952381,36.755,85.21,12.145,1078.75,84.203,1.775,10.635,24.43
1.634920635,35.9711,87.01,12.0075,1095.34,83.643,1.7525,10.6775,24.56
1.638888889,36.1039,86.55,11.885,1095.17,83.426,1.76,10.645,24.89
1.642857143,35.9214,85.99,11.695,1096.48,82.558,1.77,11.11,25.14
1.646825397,35.7,85.47,11.98,1064.88,82.486,1.7775,12.105,26.25
1.658730159,35.0829,85.45,12.665,1071.25,82.513,1.775,12.17,25.97
1.662698413,35.9843,85.21,12.74,1083.48,82.747,1.5625,11.73,23.93
1.666666667,36.32,85.6,12.825,1069.59,83.393,1.54,11.56,25.64
1.670634921,37.0034,87.9,12.76,1093.67,82.595,1.55,11.585,24.63
1.674603175,37.1343,87.73,12.28,1102.66,82.464,1.4925,10.95,23.47
1.686507937,37.04,87.62,11.6575,1115.01,82.087,1.4525,10.8625,22.73
1.69047619,37.7257,86.59,11.33,1113.84,82.185,1.4725,10.69,23.19
1.694444444,37.28,87.06,10.75,1106.13,82.179,1.4575,10.65,24.25
1.698412698,36.8729,88.46,10.66,1101.53,81.636,1.42,10.535,24.13
1.702380952,36.75,88.64,10.59,1101.6,81.539,1.4025,10.825,23.5
1.674603175,37.4071,90.26,10.795,1125.86,80.938,1.4075,10.845,22.01
1.678571429,37.4186,91.18,10.825,1120.46,80.596,1.4275,11.155,22.63
1.682539683,37.5686,91.01,11.11,1127.24,80.892,1.42,11.35,22.21
1.686507937,37.3857,90.45,10.89,1125.81,80.825,1.4025,11.235,22.1
1.69047619,37.1559,90.15,10.49,1121.64,80.407,1.3875,11.26,21.74
1.702380952,37.3929,90.95,10.765,1127.79,80.711,1.4675,11.235,22.14
1.706349206,37.0586,90.28,10.815,1121.06,80.799,1.5275,11.25,22.37
1.71031746,35.7414,88.15,12.085,1089.47,82.29,1.67,11.5825,25.39
1.714285714,35.97,85.64,12.085,1083.61,82.635,1.795,11.43,25.73
1.718253968,35.5857,85.31,12.075,1079.25,82.948,1.755,11.19,26.24
1.73015873,35.3771,85.32,12.145,1079.38,82.533,1.8,11.425,26.1
1.734126984,35.9957,86.88,11.72,1092.54,82.226,1.69,11.2,24.33
1.738095238,36.1529,86.98,11.505,1094.16,82.223,1.715,10.905,24.59
1.742063492,35.6971,85.5,11.45,1075.63,82.447,1.73,11.01,26.44
1.746031746,35.6629,84.72,11.85,1071.69,83.057,1.6875,10.8225,25.49
1.757936508,35.1143,84.93,12.175,1067.36,83.123,1.7175,10.8225,25.66
1.761904762,34.2757,84.59,12.23,1051.87,83.146,1.73,12.015,27.46
1.765873016,34.6986,85.47,12.2925,1055.33,83.261,1.7475,11.9325,26.7
1.76984127,34.3257,87.2,11.7375,1047.22,82.934,1.7,11.45,27.37
1.773809524,34.5171,88.94,11.6425,1064.59,82.918,1.6675,11.77,24.45
1.785714286,34.6429,88.61,11.81,1048.92,83.164,1.6675,11.89,27.21
1.78968254,34.7286,87.23,12.045,1049.33,83.202,1.7525,12.1225,26.05
1.753968254,35.7614,88.73,11.7,1080.29,82.522,1.68,12.215,23.89
1.757936508,36.0243,88.79,11.26,1090.1,82.463,1.725,12.145,23.19
1.761904762,36.9671,88.82,10.69,1104.51,82.102,1.755,11.79,21.31
1.777777778,36.83,89.6,11.49,1091.84,82.82,1.7475,12.52,23.8
1.781746032,37.56,89.63,11.32,1098.87,82.585,1.815,12.8575,23.25
1.785714286,37.5814,88.87,10.72,1104.18,82.674,2.0975,12.1525,22.81
1.78968254,37.63,89,10.515,1109.55,82.698,2.91,11.6975,21.99
1.801587302,38.1486,90.05,10.625,1121.9,81.912,3.03,11.875,21.21
1.805555556,38.2943,90.61,10.94,1121.1,81.08,3.21,12.335,21.56
1.80952381,38.6029,90.74,10.985,1125.07,81.491,3.085,11.905,22.1
1.813492063,39.51,89.68,10.6875,1124.66,81.241,3.305,11.0825,21.72
1.817460317,39.3386,89.62,10.74,1125.59,81.398,3.375,10.82,22.01
1.829365079,40.4614,90,11,1142.71,81.335,3.44,10.8275,21.5
1.833333333,40.5386,88.7,11.23,1139.78,80.439,3.745,10.755,22.35
1.837301587,41.1071,88.65,11.49,1134.28,79.83,3.75,10.78,22.51
1.841269841,41.2743,88.9,11.68,1124.83,80.01,3.74,10.8,23.87
1.845238095,41.76,89.18,11.82,1148.67,79.395,3.915,10.86,21.71
1.857142857,41.5949,88.85,11.915,1142.16,79.338,4.04,10.855,22.54
1.861111111,40.98,89.06,12.3525,1147.7,79.014,3.8,10.865,22.6
1.865079365,41.0529,90,12.41,1144.73,78.691,3.9275,11.09,23.25
1.869047619,40.5357,90.77,12.2025,1141.2,78.72,4.055,11.045,23.7
1.837301587,40.36,91.55,12.035,1146.24,78.088,4.2125,10.765,22.5
1.849206349,39.8057,91.01,12.4875,1137.03,78.447,4.25,11.19,23.53
1.853174603,41.2771,92.1,12.885,1160.75,77.749,4.285,11.205,21.76
1.857142857,41.3129,91.54,13.5425,1159.97,77.386,4.63,11.5825,21.49
1.861111111,41.3171,90.19,14.16,1158.06,77.387,5.13,12.345,21.56
1.865079365,42.01,91.16,13.55,1165.15,77.325,4.595,12.39,20.71
1.876984127,42.1943,91.07,13.42,1165.32,77.442,4.3,12.405,18.96
1.880952381,42.6486,90.95,13.3625,1169.77,77.363,4.245,12.255,18.93
1.884920635,42.8771,91.3,13.0575,1178.1,77.071,4.165,11.88,19.07
1.888888889,43.1871,90.93,13.4925,1173.81,76.647,4.215,12.14,19.88
1.892857143,44.9629,89.78,13.15,1176.19,77.041,4.315,11.9125,19.03
1.904761905,45.4286,91.6,13.5925,1184.71,76.934,4.425,12.0075,19.09
1.908730159,44.2129,88.69,13.9875,1165.9,78.184,4.475,11.725,20.63
1.912698413,44.3614,89.12,13.8175,1178.17,77.171,4.4675,11.625,19.79
1.916666667,44.2171,87.79,13.6325,1180.26,77.418,4.505,11.545,19.27
1.920634921,43.9243,89.14,13.4775,1183.08,77.472,4.48,11.395,18.78
1.932539683,44.12,89.63,13.5875,1185.62,77.103,4.3,11.725,19.85
1.936507937,44.0071,89.55,13.6325,1185.64,77.708,4.295,11.56,20.22
1.94047619,43.9757,89.68,13.93,1182.45,78.149,4.57,11.695,20.71
1.944444444,43.6057,89.47,13.54,1183.78,77.308,4.555,11.43,20.88
1.948412698,42.9971,88.61,13.8625,1183.26,77.266,4.67,11.645,21.2
1.920634921,43.4543,89.71,14.375,1184.38,77.296,4.635,12.255,21.83
1.924603175,44.1943,90.35,14.045,1193.57,76.722,4.66,11.98,21.57
1.928571429,44.6857,90.74,13.08,1197.96,76.481,4.68,11.2975,19.56
1.932539683,45.4671,91.59,12.615,1221.06,75.882,4.7275,10.72,18.52
1.936507937,45.3043,91.6,13.205,1225.85,76.548,4.6625,10.405,18.26
1.948412698,45.5171,92.47,13.815,1223.25,77.027,4.67,10.335,18.29
1.952380952,45.1543,92.29,14.02,1213.4,77.443,4.62,10.275,19.08
1.956349206,45.4329,92.31,14.005,1218.71,77.634,4.615,10.8125,18.47
1.96031746,45.2364,92.44,13.83,1213.54,78.217,4.58,10.565,18.64
1.964285714,44.0043,90.38,13.805,1199.21,78.082,4.78,10.93,20.61
1.976190476,43.8621,89.94,14.0325,1197.75,78.518,4.8,11.715,20.2
1.98015873,43.0843,88.14,14.18,1178.34,79.21,4.625,11.5525,22.58
1.984126984,42.9286,86.67,13.685,1178.59,79.084,4.5975,11.08,21.76
1.988095238,44.0614,87.81,12.845,1196.69,78.617,4.54,10.195,18.75
1.992063492,43.8186,86.83,12.795,1199.73,78.504,4.2825,10.14,18.04
2.003968254,44.7657,86.74,13.06,1197.84,78.682,3.8475,10.08,18.37
2.007936508,44.1043,86.39,14.065,1180.73,79.681,4.15,10.43,20.63
2.011904762,44.9707,88.65,13.875,1198.35,79.867,4.08,10.4325,19.56
2.01984127,45.1086,88.41,14.035,1189.4,80.357,4.2575,10.32,22.22
2.031746032,45.2671,90.01,14.96,1187.76,80.835,4.295,10.3825,21.53
2.035714286,44.45,88.18,15.265,1180.55,81.195,4.285,10.38,23.54
2.003968254,45.2,89.97,14.31,1206.07,80.713,4.135,10.08,21.36
2.007936508,45.45,89.84,13.145,1221.53,80.303,4.11,9.665,19.39
2.011904762,45.3486,87.91,12.12,1224.71,79.377,3.975,9.8875,18.01
2.023809524,45.7357,86.67,12.87,1223.12,79.571,3.96,10.005,18.02
2.027777778,45.4586,88.57,12.535,1223.75,79.857,3.98,9.945,17.99
2.031746032,45.8586,89.43,12.725,1228.28,79.997,3.935,10.3625,17.74
2.035714286,45.6796,89.27,12.415,1233,80.069,3.92,10.3425,17.25
2.03968254,45.7943,88.77,11.975,1240.4,80.07,3.87,10.06,17.61
2.051587302,45.9529,88.99,12.005,1240.46,79.284,3.855,10.355,17.55
2.055555556,45.7557,89.72,12.005,1241.59,79.367,3.76,10.27,17.61
2.05952381,45.7657,90.42,12.5825,1235.23,80.261,3.785,9.94,17.94
2.063492063,45.8929,90.24,12.995,1242.87,80.181,3.745,9.98,17.39
2.067460317,45.8014,90.21,13.08,1243.91,80.373,3.74,9.585,16.11
2.079365079,46.03,91.12,13.3,1247.08,80.628,3.77,9.5325,16.41
2.083333333,46.315,91.12,12.96,1254.6,80.718,3.82,9.42,16.49
2.087301587,46.4514,91.43,12.94,1258.84,80.727,3.8,9.4775,15.45
2.091269841,46.2286,92.08,12.845,1256.77,80.522,3.84,9.5775,16.47
2.107142857,46.3829,91.73,13.13,1257.54,80.366,3.86,9.7475,17.67
2.111111111,46.4957,92.16,13.24,1258.51,80.365,3.93,10.245,17.52
2.115079365,46.47,92.13,13.275,1259.78,79.796,4.02,10.3925,17.28
2.119047619,46.2371,91.54,13.285,1257.88,79.521,3.98,10.4525,17.52
2.123015873,46.08,92.82,13.42,1257.64,79.028,3.965,10.5025,17.75
2.095238095,47.0814,92.53,13.745,1271.87,79.127,3.93,10.74,17.61
2.099206349,47.3271,91.72,13.18,1270.2,79.444,3.725,10.4,17.38
2.103174603,47.7143,93.51,13.1825,1276.56,80.258,3.59,10.4625,17.02
2.107142857,47.6757,93.23,13.56,1273.85,80.791,3.59,10.6275,17.4
2.111111111,48.0171,91.66,13.09,1271.5,81.012,3.41,10.435,17.14
2.123015873,48.9221,93.28,13.07,1269.75,80.881,3.5,10.415,17.54
2.126984127,48.8057,94.72,12.73,1274.48,80.846,3.505,10.345,16.89
2.130952381,49.2029,94.83,12.56,1285.96,80.031,3.4,10.1525,16.24
2.134920635,49.3829,94.6,12.62,1283.76,79.191,3.375,9.93,16.39
2.138888889,49.7829,95.13,12.715,1293.24,79.162,3.335,9.8,15.46
2.154761905,48.6643,95.33,12.74,1295.02,78.962,3.32,10.1425,15.87
2.158730159,48.4057,95.1,12.685,1281.92,78.64,3.13,10.3275,17.31
2.162698413,47.5257,94.79,12.56,1280.26,78.823,2.95,10.085,17.99
2.166666667,46.6743,95.76,11.86,1283.35,78.213,2.875,9.9175,18.47
2.178571429,48.2071,95.12,11.945,1290.84,78.05,2.86,9.8875,17.65
2.182539683,48.7714,94.29,11.81,1291.18,78.002,2.71,9.85,17.59
2.186507937,49.1214,96.18,11.295,1296.63,77.898,2.65,9.69,16.64
2.19047619,49.03,95.95,11.385,1299.54,77.727,2.4025,9.4525,16.15
2.194444444,48.0143,97.16,11.7,1276.34,78.133,2.26,9.74,20.04
2.206349206,48.4743,98.38,11.875,1286.12,77.735,2.22,9.81,19.53
2.170634921,49.29,98.72,11.505,1307.59,77.067,2.1725,9.97,17.63
2.174603175,49.1886,99.52,11.575,1304.03,77.158,2.2,10.1,17.3
2.178571429,49.0629,100.3,11.8,1307.1,77.748,2.1675,10.06,16.69
2.182539683,49.5,99.28,11.51,1310.87,78.044,2.1675,9.8275,15.93
2.194444444,50.2686,99.02,11.3575,1319.05,78.029,2.245,9.48,16.28
2.198412698,50.7429,100.32,10.91,1324.57,77.999,2.315,9.3425,15.81
2.202380952,51.1657,101.01,10.8,1320.88,77.641,2.56,9.415,15.87
2.206349206,50.6486,100.2,11.05,1321.87,78.25,2.4725,9.595,16.09
2.21031746,50.9786,99.77,10.955,1329.15,78.46,2.455,9.58,15.69
2.222222222,51.3114,101.28,11.05,1332.32,78.614,2.1,9.325,15.95
2.226190476,51.4143,99.87,10.925,1328.01,78.573,2.095,9.295,16.37
2.23015873,51.8757,100.28,10.69,1336.32,78.223,2.07,9.22,16.72
2.234126984,51.1857,100.09,10.705,1340.43,77.995,2.0975,9.03,16.59
2.238095238,50.08,100.7,10.375,1343.01,77.664,2.035,8.905,16.43
2.253968254,48.3729,100.01,10.905,1315.44,77.768,2.11,9.305,20.8
2.257936508,48.9457,99.07,10.845,1307.4,77.409,2.1,9.2775,22.13
2.261904762,48.9829,98.93,11.06,1306.1,77.057,2.0725,10.165,21.32
2.265873016,49.7371,100.24,10.725,1319.88,77.275,2.0875,9.655,19.22
2.277777778,50.4586,100.24,10.69,1327.22,76.889,2.0825,9.475,18.35
2.253968254,49.9014,101.09,10.605,1306.33,77.049,2.15,9.1575,21.01
2.257936508,50.3029,101.87,10.71,1308.44,76.671,2.8525,9.31,20.7
2.261904762,51.3657,102.57,10.505,1330.97,76.483,2.0575,9.3575,18.6
2.265873016,51.4286,102.27,9.965,1321.15,76.4,2.0525,9.22,19.06
2.277777778,50.7657,102.44,9.915,1310.13,76.496,2.0375,8.89,20.66
2.281746032,50.8229,102.27,10.095,1321.82,76.798,2,8.76,19.82
2.285714286,50.3529,103.47,10.02,1320.02,76.721,1.975,8.49,20.22
2.28968254,49.5243,101.73,10.245,1295.11,77.276,1.97,8.4975,21.88
2.293650794,50.2843,100.67,10.33,1304.28,76.776,1.9875,9.745,20.08
2.305555556,50.5086,100.56,10.2,1296.39,76.349,1.9875,11.075,21.13
2.30952381,49.3471,96.76,10.69,1281.87,76.328,1.99,14.075,24.32
2.313492063,47.1443,97.12,11.11,1256.88,76.681,1.9975,14.18,29.4
2.317460317,47.8057,99.56,11.095,1273.72,76.041,1.9675,16.9175,26.37
2.321428571,47.2386,98.53,10.3125,1279.2,75.718,2.0325,13.33,24.44
2.333333333,48.4714,99.69,10.095,1298.38,75.401,2.005,11.98,20.61
2.337301587,48.7429,100.99,9.95,1293.77,75.434,2.015,11.04,20.21
2.341269841,48.4557,100.74,10.365,1297.54,75.794,1.99,10.5075,19.17
2.345238095,49.2814,101.06,9.885,1309.66,75.656,1.895,9.9875,18
2.349206349,50.22,101.1,10.11,1313.8,76.217,1.875,9.645,17.91
2.361111111,50.0629,99.88,10.0175,1310.19,76.128,1.865,10.15,19.44
2.365079365,50.1371,100.56,9.8575,1319.44,76.249,1.885,10.83,18.16
2.369047619,49.8043,100.33,9.92,1328.26,76.118,1.88,10.945,17.71
2.373015873,49.7868,101.38,9.44,1325.83,75.857,1.9625,10.54,17.74
2.337301587,49.2229,101.39,9.235,1332.41,75.833,2.0325,10.495,17.4
2.349206349,48.7414,102.2,9.1275,1332.87,75.912,2.0125,10.2,17.5
2.353174603,48.4129,102.16,9.1925,1332.63,75.882,2.0125,9.8775,17.25
2.357142857,48.2914,101.54,9.5125,1335.54,75.514,2.01,10.39,16.9
2.361111111,48.2971,101.49,9.245,1333.51,75.585,2.0375,10.685,17.11
2.365079365,47.8657,104.06,9.36,1328.17,75.066,2.505,10.52,17.87
2.376984127,47.2571,102.48,9.455,1324.46,75.056,2.425,10.59,16.59
2.380952381,47.4857,100.79,9.5375,1314.16,74.853,2.375,11.295,17.09
2.384920635,48.0186,101.67,9.605,1314.41,74.98,2.335,10.875,16.92
2.388888889,47.4886,100.81,9.545,1314.52,74.685,2.2375,10.9775,16.27
2.392857143,46.78,102.35,9.5,1319.68,74.832,2.26,10.6325,15.32
2.404761905,47.4071,100.58,10.3875,1305.14,75.504,2.22,10.985,16.96
2.408730159,48.2657,101.17,10.155,1312.62,75.029,2.195,10.795,15.83
2.412698413,48.9157,102.66,9.94,1330.36,74.368,2.26,10.6825,15.07
2.416666667,50.0994,103.86,10.67,1337.38,74.109,2.5425,10.9125,14.69
2.432539683,50.4299,104.2,11.1425,1335.25,73.986,2.635,11.09,15.77
2.436507937,50.06,105.21,10.9775,1347.24,73.837,2.655,10.77,15.62
2.44047619,50.0214,105.59,10.7675,1355.66,73.519,2.665,10.4275,15.35
2.444444444,49.5357,105.14,10.5825,1360.48,73.121,2.71,10.2975,14.62
2.448412698,50.0186,106.13,10.4825,1363.61,72.933,2.685,10.1075,14.75
2.424603175,49.4686,105.86,10.82,1361.22,72.951,2.675,10.4025,15.99
2.428571429,49.7429,103.96,11.165,1356.62,73.14,2.5625,10.6325,16.7
2.432539683,49.9386,103.09,11.1425,1347.32,73.031,2.415,10.6525,17.08
2.436507937,49.5357,95.22,11.845,1335.1,74.194,2.385,11.2225,18.2
2.44047619,49.5229,92.88,12.68,1340.2,74.841,2.32,10.75,18.4
2.452380952,49.6571,96.95,12.7525,1346.29,74.737,2.18,10.425,17.16
2.456349206,49.9214,97.74,12.1475,1357.16,74.611,2.17,10.285,15.91
2.46031746,49.6043,94.27,12.425,1342.08,75.327,2.1175,10.06,16.95
2.464285714,49.51,95.16,12.315,1348.65,75.24,2.09,10.225,16.03
2.468253968,48.6429,95.35,12.765,1337.77,75.757,2.04,10.27,17.07
2.48015873,47.6143,94.15,12.635,1329.47,75.47,2.055,10.15,18.24
2.484126984,48.02,94.31,12.5475,1328.98,75.399,2.0325,10.185,17.55
2.488095238,48.5529,96.14,12.145,1340.68,75.475,2.035,10.15,16.23
2.492063492,48.6471,95.8,11.8175,1343.6,75.123,2.02,10.2675,15.52
2.496031746,47.8886,97.96,11.8975,1333.27,75.435,2.04,10.1,17.43
2.507936508,47.7714,97,12.8,1317.37,76.104,2.07,10.405,18.27
2.511904762,47.4557,98.69,12.3675,1316.28,75.882,2.04,10.2625,17.82
2.515873016,48.1114,100.35,12.875,1320.47,75.932,2.035,10.2675,17.07
2.51984127,47.8571,100.06,12.6325,1325.69,75.549,2.045,10.11,16.09
2.523809524,48.2014,100.44,12.7025,1331.1,74.954,2.04,10.105,15.98
2.53968254,49.69,101.31,12.3,1345.2,74.638,2.0225,10.145,15.45
2.503968254,49.3586,99.56,11.95,1314.55,74.677,2.03,10.08,18.3
2.507936508,49.4431,100.45,11.52,1312.94,74.333,2.005,9.9,18.09
2.511904762,49.0629,100.75,11.1375,1300.16,73.783,2.025,9.675,17.95
2.523809524,48.2914,99.98,11.1275,1286.17,73.952,2.04,9.86,18.49
2.527777778,47.4343,101.64,10.9575,1284.94,73.521,1.98,9.605,18.07
2.531746032,47.4629,102.57,11.6275,1279.56,73.93,1.89,9.92,18.79
2.535714286,47.3557,101.08,11.3175,1289,74.192,1.85,9.615,17.77
2.53968254,46.5571,100.3,11.6575,1270.98,74.795,1.975,9.275,18.86
2.551587302,46.6571,99.76,11.9825,1271.83,74.512,1.9375,9.26,19.61
2.555555556,47.4914,100.44,11.8175,1287.87,74.332,1.9125,9.1325,18.26
2.55952381,46.6786,96.47,13.46,1265.42,75.601,1.97,9.4475,21.32
2.563492063,46.4514,96.77,13.41,1267.64,75.752,1.9425,9.7425,22.73
2.567460317,45.7514,96.75,12.8,1271.5,74.988,2.0725,9.57,21.85
2.579365079,45.0457,97.51,13.005,1278.36,75.029,2.055,9.4,19.99
2.583333333,46.4714,97.7,12.71,1295.52,74.541,2.0225,9.405,18.86
2.587301587,46.0871,99.43,12.28,1287.14,74.783,2.0175,9.0675,18.52
2.591269841,47.3186,98.53,12.885,1283.5,75.447,1.995,8.725,19.29
2.595238095,46.6214,99.8,13.1075,1268.45,75.665,2.01,8.655,21.1
2.607142857,47.4343,99.18,13.5725,1280.1,75.392,1.93,8.92,20.56
2.611111111,47.8943,99.69,13.095,1296.67,75.063,1.9025,8.7125,19.17
2.615079365,47.72,99.6,12.65,1307.41,74.691,1.8925,8.7375,17.27
2.619047619,47.9529,100.23,11.885,1320.64,74.303,1.8875,8.665,16.52
2.587301587,49.0371,100.45,11.48,1339.67,74.349,1.905,8.375,15.87
2.603174603,49.9186,101.14,11.6325,1337.88,74.691,1.93,8.285,16.06
2.607142857,50.2514,100.86,11.9625,1339.22,75.122,1.935,8.285,16.34
2.611111111,51.0286,102.26,11.32,1353.22,74.957,1.8825,8.255,15.95
2.615079365,51.3871,101.49,11.6575,1343.8,75.179,1.895,8.0975,15.95
2.626984127,50.5714,101.12,13.5275,1319.49,75.989,1.8975,8.3975,18.39
2.630952381,50.5357,101.73,13.87,1313.64,75.809,2.145,9.565,19.87
2.634920635,51.1457,102.59,13.1175,1317.72,75.208,2.05,9.86,19.91
2.638888889,51.11,101.92,13.1175,1308.87,75.253,2.0575,9.9125,20.8
2.642857143,52.1314,103,13.195,1316.14,75.126,2.0325,9.755,19.53
2.654761905,53.4,101.88,13.835,1305.44,75.483,1.9825,9.85,20.95
2.658730159,53.8357,102.46,13.66,1326.73,75.221,1.9675,9.175,19.21
2.662698413,55.2714,102.95,13.3825,1325.84,74.792,1.935,9.215,19.09
2.666666667,55.3271,103.7,12.3425,1343.8,74.015,1.94,9.44,17.56
2.670634921,56.1857,103.55,11.7025,1345.02,74.201,1.8525,9.2125,17.52
2.682539683,56.9286,103.42,11.62,1337.43,74.064,1.845,9.595,19.35
2.686507937,57.63,103.44,11.635,1331.94,73.474,1.93,9.85,20.23
2.69047619,56.0843,102.32,11.9375,1304.89,74.087,1.905,10.095,22.98
2.694444444,55.9743,102.43,12.175,1300.67,74.222,1.8725,10.205,23.74
2.698412698,55.7829,101.5,12.5625,1292.28,73.897,1.91,11.15,25.25
2.670634921,56.6786,101.32,13.0475,1286.94,74.262,1.9075,10.97,23.66
2.674603175,55.5586,100.06,13.2975,1254.05,74.513,1.81,10.89,24.79
2.678571429,56.0814,97.77,13.025,1260.34,74.044,1.84,10.8,23.38
2.682539683,53.91,93.99,14.0475,1200.07,75.124,1.8225,10.88,31.66
2.686507937,53.3743,95.94,13.655,1199.38,74.598,2.0225,10.86,32
2.698412698,50.4586,92.34,14.765,1119.46,74.791,2.12,11.96,48
2.702380952,53.43,90.56,15.11,1172.53,74.605,2.2975,13.92,35.06
2.706349206,51.9557,91.58,14.8275,1120.76,74.636,2.22,13.815,42.99
2.71031746,53.3857,93.52,14.885,1172.64,74.677,2.8175,13.475,39
2.714285714,53.8557,92.68,13.62,1178.81,74.607,2.5125,12.585,36.36
2.726190476,54.7729,94.12,12.9525,1204.49,73.836,2.3675,11.225,31.87
2.73015873,54.3543,92.97,12.9175,1192.76,74.01,2.3,10.84,32.85
2.734126984,54.3486,93.69,12.9675,1193.89,73.674,2.2675,10.885,31.58
2.738095238,52.2929,89.39,13.795,1140.65,74.244,2.21,11.155,42.67
2.742063492,50.8614,90.69,13.64,1123.53,74.009,2.2375,11.76,43.05
2.753968254,50.92,91.57,13.58,1123.82,74.074,2.23,11.5825,42.44
2.757936508,53.3714,92.43,13.155,1162.35,73.894,2.0275,11.29,36.27
2.761904762,53.74,93.45,13.1675,1177.6,74.012,2.02,11.025,35.9
2.765873016,53.3886,93.8,13.085,1159.27,74.279,2.025,11.37,39.76
2.76984127,54.7971,93.64,12.855,1176.8,73.814,2.0275,11.09,35.59
2.781746032,55.71,93.63,12.53,1210.08,73.721,2.0175,10.725,32.28
2.785714286,55.7129,94.16,12.3325,1212.92,73.946,2.005,10.655,32.89
2.78968254,54.9757,92.98,11.985,1218.89,74.117,1.895,10.61,31.62
2.753968254,54.4329,92.91,12.0875,1204.42,74.479,1.8025,10.565,31.82
2.757936508,53.4357,91.51,12.4375,1173.97,74.756,1.7875,9.99,33.92
2.773809524,54.2486,91.08,15.83,1165.24,75.952,1.8325,10.755,37
2.777777778,54.8471,92.56,14.57,1198.62,75.467,1.975,10.73,33.38
2.781746032,54.8771,92.13,14.34,1185.9,76.246,2.15,10.47,34.32
2.785714286,53.9257,92.01,16.325,1154.23,77.192,2.2125,10.955,38.52
2.797619048,54.2771,92.01,17.06,1162.27,77.578,2.3075,11.485,38.59
2.801587302,54.9457,92.66,15.95,1172.87,76.919,2.4125,11.16,36.91
2.805555556,55.6143,92.56,15.415,1188.68,76.833,2.6275,11.14,34.6
2.80952381,56.1371,93.11,14.295,1209.11,76.241,2.485,10.705,31.97
2.813492063,57.2143,92.73,14.77,1216.01,76.599,2.4425,10.14,30.98
2.825396825,58.8043,90.92,15.7425,1204.09,77.146,2.44,10.725,32.73
2.829365079,59.0643,91.7,15.875,1202.09,77.03,2.4725,10.705,32.86
2.833333333,58.8771,91.16,16.6075,1166.76,77.342,2.44,10.99,37.32
2.837301587,57.4029,86.39,17.5475,1129.56,78.455,3.3375,12.06,41.35
2.841269841,57.7571,86.79,17.615,1136.43,78.501,4.1175,12.05,41.25
2.853174603,57.5957,87.1,17.69,1162.95,78.363,3.9275,11.99,39.02
2.857142857,57.0371,90.52,16.89,1175.38,77.506,3.495,11.46,37.71
2.861111111,56.7157,88.43,16.56,1151.06,77.852,3.18,11.15,41.08
2.865079365,55.7957,88.74,15.8825,1160.4,78.028,3.6775,10.935,38.84
2.869047619,54.4743,86.13,16.27,1131.42,78.553,4.205,10.78,42.96
2.845238095,53.5143,85.3,17.48,1099.23,79.431,4.21,10.97,45.45
2.849206349,53.2143,84.12,17.17,1123.95,79.597,4.1325,10.835,40.82
2.853174603,54.0357,86.96,16.66,1144.03,78.919,3.71,10.335,37.81
2.857142857,53.91,89.14,15.8775,1164.97,78.634,3.525,9.96,36.27
2.861111111,52.8286,87.52,15.2775,1155.46,78.726,3.34,9.47,36.2
2.873015873,55.5443,88.62,14.9425,1194.89,77.494,2.925,9.45,33.02
2.876984127,57.1843,89.75,15.09,1195.54,77.585,3.135,9.16,32.86
2.880952381,57.4557,89.58,14.61,1207.25,76.994,3.37,9.725,31.26
2.884920635,58.3471,88.91,14.61,1203.66,76.996,3.7125,9.17,30.7
2.888888889,60.2857,90.27,14.2825,1224.58,76.623,3.99,9.41,28.24
2.900793651,59.9986,90.2,14.83,1200.86,77.146,3.36,9.62,33.39
2.904761905,60.32,91.52,15.03,1225.38,77.138,3.52,9.65,31.56
2.908730159,56.9457,88.99,15.175,1209.88,77.114,3.41,9.245,34.44
2.912698413,56.4729,88.99,15.73,1215.39,76.974,3.43,9.21,34.78
2.916666667,56.1243,89.39,15.6225,1238.25,76.395,3.53,9.98,31.32
2.928571429,57.9671,88.88,15.35,1254.19,76.028,3.455,10.115,29.26
2.932539683,56.8243,88.44,14.98,1229.05,76.122,3.3425,10.42,32.22
2.936507937,57.2286,87.95,15.18,1242,76.246,3.3825,10.835,29.86
2.94047619,57.8129,91.19,13.6025,1284.59,74.879,3.23,10.22,25.46
2.944444444,57.85,90.55,13.1825,1285.09,75.067,3.0925,9.735,24.53
2.956349206,57.8257,90.03,14.085,1253.3,76.166,3.0475,10.22,29.96
2.920634921,56.6443,89.08,16.1475,1218.28,77.261,3.36,10.51,34.77
2.924603175,56.7729,89.2,15.56,1237.9,77.017,3.38,9.975,32.74
2.928571429,57.5814,90.33,15.485,1261.15,76.672,3.535,9.59,30.5
2.932539683,57.1771,90.69,14.7675,1253.23,76.962,3.505,9.31,30.16
2.944444444,57.1043,91.9,15.265,1261.12,76.962,3.5325,9.2,29.85
2.948412698,58.0329,92.21,14.64,1275.92,76.586,3.3925,9.205,27.48
2.952380952,56.4686,90.35,16.29,1229.1,77.926,3.255,9.37,36.16
2.956349206,55.0314,91.77,16.0825,1239.69,77.743,3.365,9.29,32.81
2.96031746,54.9457,91.49,15.115,1263.85,76.945,3.3575,9.35,30.04
2.972222222,54.18,92.18,15.5575,1251.78,77.569,3.2175,9.4025,31.13
2.976190476,55.5471,92.6,15.8725,1257.81,77.872,3.33,9.44,31.22
2.98015873,54.9671,92.57,15.8775,1236.91,78.016,3.3725,9.31,33.51
2.984126984,53.9157,90.25,15.4825,1216.13,78.282,3.3725,9.1,34.51
2.988095238,53.5629,91.18,15.155,1215.65,78.064,3.3775,8.815,32
3,52.7157,90.67,15.62,1192.98,78.3,3.4425,8.945,32.91
3.003968254,53.7871,92.06,15.2825,1188.04,78.266,3.4575,8.815,31.97
3.007936508,52.4271,90.98,16.155,1161.79,79.141,3.4625,9.01,33.98
3.015873016,51.9386,89.61,15.65,1158.67,79.686,3.4875,9.22,34.47
3.027777778,53.7314,89.76,15.38,1192.55,79.263,3.485,9.385,32.13
3.031746032,53.3143,89.15,15.39,1195.19,79.007,3.4025,9.34,30.64
3.035714286,54.6,90.02,15.15,1246.96,78.384,3.3825,9.34,27.8
3.003968254,55.4186,91.27,14.2825,1244.58,78.328,3.35,8.735,27.41
3.007936508,55.6714,92.01,14.1075,1244.28,78.625,3.21,8.28,27.52
3.01984127,56.1443,91.89,13.8675,1257.08,78.57,3.2125,8.25,27.84
3.023809524,55.85,91.91,13.8375,1258.47,78.499,3.205,7.925,28.13
3.027777778,55.5843,92.65,13.935,1261.01,78.485,3.085,7.75,28.67
3.031746032,55.8086,92.04,14.48,1234.35,78.832,2.9325,8.2275,30.59
3.035714286,56.2314,91.25,13.9775,1255.19,78.632,3.1075,8.21,26.38
3.047619048,55.9771,90.82,14.61,1236.47,79.534,3.1,8.005,25.67
3.051587302,55.5443,91.36,14.8525,1225.73,80.242,3.1225,7.88,25.41
3.055555556,54.3129,88.71,15.1125,1211.82,80.589,3.06,7.84,26.04
3.05952381,54.1343,87.92,13.54,1215.75,80.321,3.1025,7.39,25.11
3.063492063,54.4314,88.2,12.5675,1219.66,80.256,3.095,7.09,24.29
3.075396825,54.6014,87.21,12.7575,1205.35,80.25,3.0775,7.34,24.92
3.079365079,56.5643,89.15,12.625,1241.3,79.882,2.9725,7.025,23.22
3.083333333,56.635,90.53,12.7125,1243.72,80.022,2.89,7.095,21.43
3.087301587,56.9357,90.13,12.7025,1254,79.964,2.95,7.24,21.16
3.091269841,57.6186,90,12.7125,1265.33,79.93,2.97,7.34,20.73
3.107142857,58.0757,90.76,12.7575,1265.43,79.797,2.94,7.605,21.91
3.111111111,57.52,90.41,12.8575,1249.64,80.497,2.795,7.61,23.52
3.115079365,57.8743,91.27,13.3925,1263.02,80.486,2.78,7.8375,22.65
3.119047619,57.8571,90.62,13.2025,1257.6,80.178,2.815,7.905,23.4
3.095238095,58.7471,91.9,13.0575,1277.06,79.611,2.6925,8.1125,22.97
3.099206349,59.0629,93.54,12.7625,1277.3,80.129,2.5725,7.525,22.22
3.103174603,59.7186,93.47,12.92,1281.06,80.936,2.5175,7.675,21.48
3.107142857,60.3429,94.57,12.4625,1277.81,81.254,2.325,7.475,20.63
3.119047619,60.2471,94.9,12.065,1280.7,81.051,2.2875,7.14,21.07
3.123015873,60.4629,93.79,11.495,1292.08,80.805,2.23,6.645,20.69
3.126984127,60.3643,93.25,12.1375,1292.48,81.351,1.9625,6.805,21.05
3.130952381,60.1986,91.29,11.705,1295.5,80.77,1.9425,6.91,20.47
3.134920635,59.9729,90.82,12.0825,1289.09,81.515,1.925,6.86,20.91
3.150793651,60.6714,91.7,12.0575,1293.67,81.182,1.86,6.855,22.2
3.154761905,61.3014,91.23,11.97,1308.04,80.609,1.86,6.545,20.89
3.158730159,61.1071,91.82,11.425,1314.5,80.216,1.8375,6.96,19.87
3.162698413,60.0429,90.33,11.28,1315.38,80.223,1.85,6.785,18.28
3.174603175,61.0584,91.12,11.5325,1316,79.783,1.8675,6.74,18.67
3.178571429,60.0586,91.74,11.6525,1314.65,79.868,1.8625,7.795,18.91
3.182539683,63.8086,91.71,11.65,1326.05,79.579,1.8425,7.8275,18.31
3.186507937,63.5186,91.67,11.1275,1318.43,79.395,1.83,6.91,18.57
3.19047619,63.8971,90.86,11.285,1316.33,78.902,1.86,7,18.53
3.202380952,64.7157,90.75,11.8625,1313.01,79.167,1.89,7.38,19.4
3.206349206,65.2114,90.41,11.8775,1312.41,79.288,1.9725,7.845,19.44
3.170634921,65.17,90.81,11.565,1324.09,78.922,1.9425,8.38,18.55
3.174603175,65.0171,90.26,11.355,1325.54,78.991,1.94,8.035,17.98
3.178571429,65.6686,91.75,11.1,1344.9,78.924,1.92,7.275,17.1
3.19047619,66.2814,92.6,11.6525,1344.33,79.069,1.9525,7.64,17.76
3.194444444,66.9757,92.58,11.4875,1347.05,78.576,1.8875,7.4725,17.65
3.198412698,68.0971,93.16,11.1725,1349.96,78.641,1.835,7.535,18.16
3.202380952,70.4529,93.94,10.99,1351.95,78.566,1.81,7.73,18.63
3.206349206,70.4886,92.76,11.115,1342.64,79.114,1.77,7.46,20.79
3.218253968,71.8,93.59,10.905,1351.77,78.946,1.765,7.31,19.04
3.222222222,72.78,93.31,11.3475,1350.5,79.58,1.79,7.94,19.54
3.226190476,71.0957,93.22,11.9175,1343.23,79.67,1.77,8.005,21.14
3.23015873,71.7443,93.13,11.555,1358.04,79.348,1.7175,8.535,19.22
3.234126984,71.7314,93.24,11.295,1361.23,79.331,1.69,8.7225,17.78
3.25,73.55,94.61,10.7925,1362.21,79.044,1.6825,8.485,18.19
3.253968254,73.2914,93.39,10.475,1357.66,79.211,1.7175,8.76,18.19
3.257936508,73.77,93.3,10.1625,1363.46,78.819,1.71,8.48,16.8
3.261904762,74.63,93.3,9.98,1365.74,78.352,1.7075,8.935,17.31
3.273809524,75.1086,93.47,10.555,1367.59,78.568,1.735,9.3275,18.19
3.277777778,76.4871,93.28,10.3125,1372.18,78.273,1.7225,9.675,17.96
3.281746032,77.4914,94.22,10.6775,1365.68,78.737,1.7375,9.8375,18.43
3.253968254,77.7814,93.36,10.3325,1374.09,78.789,1.7075,9.56,17.26
3.257936508,77.8829,92.9,10.585,1369.63,79.403,1.775,9.475,17.29
3.26984127,76.1657,93.15,10.47,1364.33,79.3,1.8675,9.695,18.05
3.273809524,75.7514,92.88,10.795,1343.36,79.866,2.005,10.025,20.87
3.277777778,75.8129,93.01,10.43,1352.63,79.712,2.1025,9.915,19.07
3.281746032,77.4271,94.3,9.8975,1365.91,79.139,2.0675,9.935,17.95
3.285714286,77.8814,95.26,9.9875,1370.87,80.041,2.1125,10.69,17.11
3.297619048,78.8571,95.1,10.025,1371.09,79.89,2.23,10.8,15.64
3.301587302,81.1571,95.73,9.88,1395.95,80.193,2.3625,10.46,14.8
3.305555556,84.2257,95.87,10.1075,1394.28,80.565,2.4875,10.515,15.31
3.30952381,83.6514,95.42,9.6475,1402.6,80.15,2.505,10.51,15.42
3.313492063,83.6529,96.42,9.2725,1404.17,79.786,2.5,10.305,14.47
3.325396825,85.8714,96.05,9.3425,1409.75,79.452,2.485,10.145,15.04
3.329365079,86.5657,95.73,9.3425,1405.52,79.593,2.445,9.96,15.58
3.333333333,86.0714,95.81,9.245,1402.89,79.657,2.4575,10.025,15.13
3.337301587,85.62,94.47,9.3575,1392.78,79.736,2.56,10.3,15.57
3.341269841,85.15,95.07,9.13,1397.11,79.345,2.545,10.62,14.82
3.353174603,86.7114,95.93,9.18,1416.51,78.982,2.5325,10.585,14.26
3.357142857,87.7829,95.6,9.115,1412.52,79.047,2.4925,10.19,15.59
3.361111111,88.2314,95.24,9.135,1405.54,79.126,2.4775,9.975,15.47
3.365079365,87.1229,93.65,9.1725,1403.28,79.186,2.3575,10.24,15.48
3.369047619,85.65,94.18,8.8375,1408.47,79.004,2.27,10.43,15.5
3.341269841,88.3757,95.93,8.9075,1419.04,78.82,2.2475,10.565,15.64
3.345238095,89.9029,96.5,9.2125,1413.38,79.483,2.2225,10.75,15.66
3.349206349,89.1871,95.52,9.6025,1398.96,79.778,2.22,10.85,16.44
3.353174603,90.5257,96.24,9.905,1398.08,80.076,2.18,10.605,16.7
3.369047619,90.89,96.09,9.635,1382.2,79.733,2.1875,10.5125,18.81
3.373015873,89.7771,94.79,10,1358.59,79.891,2.185,10.255,20.39
3.376984127,89.4571,95.37,9.76,1368.71,79.795,2.2175,9.97,20.02
3.380952381,88.9671,94.77,9.195,1387.57,79.285,2.13,9.425,17.2
3.384920635,86.4614,94.91,9.3275,1370.26,79.888,2.2225,8.985,19.55
3.396825397,82.8757,93.46,9.765,1369.57,79.555,2.5075,9.175,19.55
3.400793651,87.1,93.96,9.44,1390.78,79.476,2.435,9.175,18.46
3.404761905,86.9057,93.41,9.2575,1385.14,79.538,2.2425,9.6575,18.64
3.408730159,83.92,92.66,9.0875,1376.92,79.561,2.1575,9.6375,18.36
3.412698413,81.8543,92.77,8.92,1378.53,79.194,2.1375,9.37,17.44
3.424603175,81.6714,93.23,9.255,1366.94,79.42,2.05,9.4825,18.97
3.428571429,80.04,93.18,9.18,1371.97,79.225,2.0475,9.385,18.1
3.432539683,87.1429,92.75,8.9325,1390.69,79.012,2.0475,9.405,16.82
3.436507937,86.8143,92.9,8.37,1399.98,78.919,2.0125,8.9925,16.24
3.44047619,86.1429,92.44,8.325,1403.36,78.709,2.0575,8.23,16.32
3.452380952,83.4257,92.58,8.475,1397.91,78.776,2.03,8.545,17.15
3.420634921,83.1614,92.82,8.6925,1405.82,78.864,2.0525,8.5,16.6
3.424603175,83.7114,92.65,9.16,1402.31,79.132,2.07,8.7775,16.88
3.428571429,83.1171,92.5,8.76,1391.57,79.221,1.9775,8.84,17.56
3.432539683,80.75,90.37,8.885,1369.1,79.498,1.99,8.255,19.16
3.444444444,81.3543,90.05,9.385,1369.58,79.603,2.0125,8.36,18.94
3.448412698,81.1686,89.6,9.595,1363.72,79.738,1.9675,8.18,19.05
3.452380952,81.3114,89.41,9.93,1354.58,80.08,1.9775,8.4975,20.08
3.456349206,81.5029,89.38,9.255,1357.99,80.112,1.8875,8.085,18.83
3.46031746,80.9586,88.99,9.29,1353.39,80.264,1.8875,7.7625,19.89
3.472222222,79.7457,88.56,10.3425,1338.35,80.606,1.9275,8.0925,21.87
3.476190476,79.0243,87.75,10.65,1330.66,81.221,1.97,8.0575,21.97
3.48015873,78.0107,88.06,10.68,1324.8,81.372,2.2225,8.455,22.27
3.484126984,75.7314,87.66,11.09,1304.86,81.383,2.1425,8.9475,24.49
3.488095238,75.7686,86.58,11.78,1295.22,81.292,2.2025,9.215,25.1
3.5,80.1829,87.37,11.27,1315.99,81.084,2.155,9.05,22.01
3.503968254,79.5671,87.28,11.085,1316.63,81.493,2.0725,9.04,22.48
3.507936508,81.5086,86.61,12.5,1318.86,82.094,2.095,9.18,22.33
3.511904762,80.76,87.03,12.305,1320.68,82.347,2.145,9.005,21.54
3.515873016,80.3271,87,12.35,1317.82,82.402,2.105,8.67,21.76
3.531746032,81.7529,87.44,12.23,1332.42,82.48,2.0325,8.27,21.03
3.535714286,82.7386,85.75,12.8275,1313.32,83.018,2.0275,8.73,24.14
3.53968254,82.5329,85.76,12.79,1310.33,83.043,2.1975,9,24.06
3.503968254,80.1414,85.22,12.745,1278.04,82.89,2.18,9.435,26.66
3.515873016,80.6129,84.34,12.8225,1278.18,82.557,2.2275,9.47,26.12
3.51984127,80.4043,83.95,13.005,1285.5,82.825,2.155,9.44,24.68
3.523809524,81.6371,85.63,12.705,1315.13,82.321,2.095,9.43,22.16
3.527777778,81.6743,85.44,11.875,1314.99,82.051,2.125,9.145,21.72
3.531746032,82.9029,85.72,12.32,1325.66,82.511,2.115,9.015,21.23
3.543650794,81.5957,85.37,12.85,1308.93,82.515,2.1325,9.1,23.56
3.547619048,82.3086,85.87,13.11,1324.18,82.423,2.165,9.17,22.09
3.551587302,81.7371,85.41,12.8975,1314.88,82.058,2.1625,8.975,24.27
3.555555556,81.6471,84.72,12.73,1329.1,81.99,2.15,8.82,21.68
3.55952381,82.0186,83.52,12.64,1342.84,81.628,2.13,8.935,21.11
3.571428571,83.6829,83.24,11.7725,1344.78,81.946,2.06,8.4675,18.32
3.575396825,83.9157,84.21,10.985,1357.98,81.378,2.0275,8.3125,18.38
3.579365079,83.6773,84.66,10.5,1355.69,81.583,1.975,8.35,17.24
3.583333333,82.5243,83.53,10.39,1325.51,82.29,1.895,8.48,20.08
3.587301587,83.1571,83.08,10.25,1335.02,82.256,1.9,8.405,18.11
3.599206349,81.5379,83.27,10.44,1313.72,82.497,1.945,8.62,20.38
3.603174603,81.7179,83.35,10.325,1319.99,82.372,1.815,8.605,19.72
3.607142857,82.0714,83.41,10.305,1331.85,82.618,1.8125,8.505,19.45
3.611111111,81.2929,82.64,10.495,1329.04,82.807,1.78,8.38,19.71
3.615079365,83.4286,86.9,9.835,1362.16,81.627,1.805,8.195,17.08
3.591269841,84.6457,84.93,10.075,1365.51,81.87,1.825,8.26,16.8
3.595238095,85.63,86.86,9.875,1374.02,81.782,1.745,8.105,16.66
3.603174603,87.1343,86.44,9.9825,1367.58,82.813,1.6175,8.1625,17.5
3.607142857,86.5543,85.11,10.35,1354.68,83.377,1.635,7.89,17.1
3.619047619,87.6986,85.89,10.2575,1352.46,83.161,1.6225,8.005,17.98
3.623015873,86.8871,84.48,10.105,1341.47,83.4,1.5625,7.88,18.72
3.626984127,86.3471,85.61,10.105,1341.45,83.568,1.54,7.82,17.95
3.630952381,85.5571,85.42,10.22,1334.76,83.659,1.45,7.67,18.33
3.634920635,86.4243,86.04,9.6325,1356.78,83.349,1.4925,7.425,16.74
3.646825397,86.7014,86.75,9.69,1353.64,83.098,1.415,7.3625,17.11
3.650793651,86.7057,86.85,9.64,1363.67,83.032,1.4,7.095,16.48
3.654761905,86.6086,86.74,9.1925,1372.78,83.068,1.3475,6.94,16.16
3.658730159,87.76,87.76,9.01,1376.51,82.883,1.335,6.9875,15.45
3.662698413,86.3286,87.33,9.235,1362.66,83.478,1.35,6.585,16.27
3.674603175,86.2614,85.35,10.145,1350.52,83.706,1.3375,7.27,18.62
3.678571429,85.8457,86.01,10.575,1338.31,84.005,1.36,7.13,20.47
3.682539683,82.1386,87.14,10.495,1337.89,83.524,1.4725,7.245,19.34
3.686507937,82.1257,87.99,9.99,1360.02,82.808,1.51,7.1275,17.53
3.69047619,83.5943,89,10.01,1385.97,82.709,1.51,7.0075,16.7
3.702380952,85.0043,89.19,10.525,1385.3,82.794,1.495,7.37,18.03
3.706349206,87.2514,88.56,10.535,1379.32,82.635,1.5725,7.42,18.93
3.670634921,86.6871,88.92,10.73,1375.14,83.058,1.4725,7.46,18.96
3.674603175,86.8271,87.68,10.325,1365,83.361,1.5,6.965,17.57
3.678571429,87.9571,88.89,9.205,1390.99,82.375,1.3975,6.6825,15.64
3.69047619,88.9357,89.28,9.255,1394.23,82.266,1.3975,6.565,15.95
3.694444444,88.702,88.68,9.015,1401.35,82.21,1.3925,6.7825,15.99
3.698412698,88.5514,87.16,9.1025,1402.22,82.394,1.4125,6.745,15.32
3.702380952,88.6757,87.36,8.9375,1402.8,82.638,1.3825,6.57,15.28
3.706349206,88.8143,86.71,8.8375,1405.87,82.553,1.375,6.425,14.74
3.718253968,90,86.68,9.02,1404.11,82.435,1.32,6.4375,13.7
3.722222222,90.2414,87.01,9.035,1403.93,82.483,1.285,6.65,14.85
3.726190476,90.1186,87.07,9.33,1405.53,82.645,1.2775,6.855,14.63
3.73015873,90.9057,87.84,9.15,1415.51,82.357,1.2575,7.315,14.29
3.734126984,92.5871,87.89,9.09,1418.16,82.596,1.255,7.1575,13.45
3.746031746,95.0214,88.72,9.265,1418.13,82.456,1.25,7.1875,14.02
3.75,93.7231,89.37,9.22,1413.17,81.907,1.25,6.915,15.02
3.753968254,95.5529,89.48,9.185,1413.49,81.486,1.255,6.695,15.11
3.757936508,94.6614,88.51,9.0475,1402.08,81.359,1.25,6.36,15.96
3.761904762,94.746,87.8,9.08,1411.13,81.593,1.21,6.3425,15.18
3.773809524,96.5257,88.04,9.315,1410.44,81.658,1.185,6.5225,16.35
3.777777778,96.4,88.67,9.69,1409.3,81.37,1.185,6.4625,16.49
3.781746032,96.2094,88.74,10.045,1410.49,81.549,1.21,6.665,17.06
3.785714286,94.8383,88.78,10.15,1399.48,81.691,1.2275,6.77,17.83
3.78968254,95.0343,89.72,9.83,1406.58,81.208,1.2175,6.75,17.47
3.765873016,96.4243,89.44,9.9675,1404.94,81.312,1.2175,6.5675,17.98
3.76984127,95.7471,89.67,10.005,1403.44,81.235,1.355,6.52,17.74
3.773809524,96.61,89.1,9.1725,1432.12,81.04,1.35,6.655,15.6
3.777777778,97.2057,90.06,8.44,1437.92,80.252,1.3025,6.365,14.38
3.78968254,94.6771,90.08,8.535,1429.08,80.357,1.3,6.48,16.28
3.793650794,94.37,90.19,8.71,1433.56,79.857,1.2975,6.93,16.41
3.797619048,95.6843,89.55,8.65,1436.56,79.737,1.3,6.975,15.8
3.801587302,97.5686,90.06,8.415,1459.99,79.262,1.305,7.205,14.05
3.805555556,98.7543,89.91,8.705,1465.77,78.847,1.3,7.07,14.51
3.817460317,99.9687,89.22,8.7875,1461.19,79.01,1.4,7.565,14.59
3.821428571,100.2729,89.02,8.74,1459.32,79.249,1.45,7.79,14.18
3.825396825,100.3,87.05,8.44,1461.05,79.055,1.35,7.15,13.88
3.829365079,99.8143,87.75,8.4675,1460.26,79.411,1.35,6.955,14.07
3.833333333,100.0136,88.19,8.405,1460.15,79.328,1.35,6.61,13.98
3.845238095,98.6843,88.03,8.645,1456.89,79.518,1.335,6.72,14.15
3.849206349,96.22,87.68,8.795,1441.59,79.552,1.25,6.8275,15.43
3.853174603,95.0257,86.99,8.795,1433.32,79.885,1.24,6.885,16.81
3.857142857,97.3314,87.85,8.6575,1447.15,79.548,1.15,6.645,14.84
3.861111111,95.3007,88.51,8.56,1440.67,79.935,1.15,6.985,15.73
3.837301587,94.1986,89.09,8.785,1444.49,79.824,1.155,6.945,16.32
3.841269841,94.4729,89.02,8.7475,1445.75,79.744,1.15,6.795,15.71
3.845238095,95.9214,86.41,8.7525,1450.99,79.965,1.15,6.82,15.43
3.849206349,95.2571,88.42,8.675,1461.4,79.353,1.2,6.76,14.55
3.853174603,93.2271,88.08,8.5175,1460.93,79.337,1.2125,6.575,14.33
3.865079365,91.1671,87.47,8.91,1455.88,79.54,1.245,6.775,15.11
3.869047619,90.8357,88.61,8.865,1441.48,79.951,1.2,6.565,16.37
3.873015873,91.5586,88.03,8.515,1432.56,79.917,1.21,6.55,16.29
3.876984127,89.7286,88.47,8.205,1432.84,79.775,1.2975,6.58,15.59
3.880952381,89.9591,88.51,8.1875,1428.59,79.667,1.6125,6.635,16.14
3.892857143,90.68,89.1,8.295,1440.13,79.742,1.8125,6.84,15.27
3.896825397,92.8275,88.63,8.36,1454.92,79.405,1.69,6.865,15.22
3.900793651,92.0877,89.28,8.43,1460.91,79.016,1.665,6.87,15.07
3.904761905,90.3771,88.67,8.35,1457.34,79.367,1.625,7.04,15.03
3.908730159,87.12,87.66,8.3175,1433.19,79.621,1.515,6.97,17.06
3.920634921,90.5757,86.84,8.24,1433.82,79.652,1.505,7.215,16.62
3.924603175,87.6222,85.52,8.3125,1413.11,79.976,1.5,7.27,18.83
3.928571429,88.1186,85.18,8.26,1408.75,79.914,1.49,7.255,18.33
3.932539683,87.0769,85.9,7.995,1412.97,80.044,1.5125,7.3625,18.12
3.936507937,86.2857,86.52,7.9425,1411.94,80.068,1.585,7.43,17.81
3.956349206,85.0457,86,7.82,1412.16,79.919,1.67,7.11,18.6
3.920634921,85.22,86.96,7.53,1427.59,80.047,1.6175,6.975,16.69
3.924603175,82.4,86.1,7.56,1414.2,80.593,1.6,7.255,17.59
3.936507937,83.5173,86.78,7.86,1417.26,80.749,1.68,7.3325,18.42
3.94047619,83.2642,88.8,7.875,1428.39,80.613,1.625,7.49,17.58
3.944444444,79.7146,85.87,7.97,1394.53,80.759,1.6075,7.065,19.08
3.948412698,76.8214,86.97,7.78,1377.51,80.793,1.6125,7.015,18.49
3.952380952,78.1514,87.93,7.795,1379.85,81.026,1.6025,6.975,18.61
3.964285714,77.5471,88.03,7.725,1380.03,81.035,1.68,7,16.68
3.968253968,77.5569,88.23,7.585,1374.53,81.084,1.6425,6.73,16.65
3.972222222,76.6971,88.36,7.16,1355.49,81.056,1.6675,7.3,17.92
3.976190476,75.0886,87.61,7.01,1353.33,81.078,1.685,8.52,17.99
3.98015873,75.3826,87.11,6.9625,1359.88,81.257,1.7,8.2475,16.41
3.992063492,80.8186,88,6.88,1386.89,80.874,1.705,8.0275,15.24
3.996031746,80.1305,86.88,6.6775,1387.81,80.957,1.6925,8.17,15.08
4,80.2429,87.5,6.7875,1391.03,80.932,1.625,8.785,15.31
4.007936508,81.6429,88.8,7.1925,1409.15,80.192,1.5675,8.695,15.14
4.01984127,84.2186,88.02,6.915,1406.29,80.251,1.5825,8.7025,15.5
4.023809524,83.54,87.74,6.8725,1398.94,80.402,1.5375,8.3425,15.92
4.027777778,83.2771,87.5,6.8625,1409.93,80.336,1.5375,8.125,15.51
4.031746032,84.1943,87.87,6.775,1415.95,80.204,1.515,8.075,15.06
4.035714286,83.6114,88.34,6.965,1416.18,80.153,1.54,8.4625,15.87
4.011904762,83.7414,88.58,7.045,1409.46,79.882,1.5325,8.235,16.64
4.015873016,82.2636,88.32,6.9275,1407.05,79.644,1.565,7.6225,17.12
4.01984127,76.9703,88.35,6.8775,1409.28,79.774,1.535,7.7325,16.46
4.023809524,78.1778,87.18,6.9675,1413.94,80.258,1.535,7.83,16.58
4.027777778,76.1786,87.06,7,1418.07,80.408,1.615,7.785,15.9
4.03968254,75.6887,86.65,7.06,1418.55,80.328,1.65,7.93,16.05
4.043650794,77.3411,86.89,6.92,1427.84,80.061,1.6125,7.93,15.57
4.047619048,77,87.35,6.8125,1428.48,79.815,1.6,8.6975,15.95
4.051587302,75.67,86.3,6.7075,1419.45,79.928,1.8925,8.905,16.56
4.055555556,72.8277,87.25,6.6925,1413.58,79.58,1.9375,8.475,17
4.067460317,74.1186,86.72,6.765,1430.36,79.568,1.915,7.875,16.34
4.071428571,76.2714,87.25,6.75,1446.79,79.359,1.9375,7.6,15.57
4.075396825,75.1871,88.32,6.7925,1435.81,79.269,1.75,7.76,17.36
4.079365079,74.5329,88.3,6.8825,1443.69,79.261,1.7625,7.69,17.67
4.083333333,74.19,87.63,7.52,1430.15,79.617,1.7775,8.1075,17.84
4.095238095,74.3097,87.66,7.7825,1426.66,79.642,1.845,8.41,18.59
4.103174603,73.2856,88.5,7.8975,1419.83,79.621,1.83,8.695,19.48
4.107142857,73.58,88.56,7.91,1418.1,79.62,1.8425,8.76,19.47
4.111111111,72.7985,88.52,8.065,1402.43,79.678,1.7825,9.09,22.72
4.123015873,76.0247,89.37,8.22,1426.19,79.769,1.7175,9.17,18.02
4.091269841,78.4329,89.38,7.515,1462.42,79.845,1.425,8.83,14.68
4.095238095,77.4423,88.79,7.4725,1459.37,80.382,1.4375,8.745,14.56
4.099206349,75.2857,88.54,7.19,1466.47,80.499,1.5025,9.72,13.83
4.111111111,74.8429,88.94,7.205,1461.89,80.256,1.4875,9.73,13.79
4.115079365,75.0443,89.22,6.975,1457.15,80.345,1.4875,9.555,13.62
4.119047619,73.8714,89.29,7.1,1461.02,80.557,1.53,10.115,13.81
4.123015873,74.7871,88.99,7.075,1472.12,79.738,1.635,10.735,13.49
4.126984127,74.3286,88.35,7.5325,1472.05,79.563,1.7475,11.195,13.36
4.138888889,71.6786,88.65,7.75,1470.68,79.488,1.67,11.23,13.52
4.142857143,69.4171,87.92,8.06,1472.34,79.779,1.625,11.14,13.55
4.146825397,72.2986,88.49,8.0725,1472.63,79.804,1.5125,11.265,13.42
4.150793651,71.8114,88.8,8.4575,1480.94,79.649,1.455,12.13,13.57
4.154761905,71.4286,89.01,8.475,1485.98,80.036,1.37,12.185,12.46
4.170634921,72.11,89.22,8.02,1492.56,79.874,1.34,10.435,12.43
4.174603175,73.4293,89.4,7.74,1494.81,79.92,1.34,10.02,12.46
4.178571429,64.3571,89.37,7.94,1494.82,79.949,1.245,11.2,12.69
4.182539683,62.84,88.78,7.765,1502.96,79.748,1.21,11.49,12.89
4.194444444,64.2614,89.1,7.51,1500.18,79.78,1.3225,11.5775,13.57
4.198412698,65.4671,89.13,7.475,1507.84,79.564,1.3275,11.085,13.31
4.202380952,65.2614,89.13,7.7375,1501.96,79.281,1.3275,11.3,14.32
4.206349206,65.07,89.21,7.5525,1498.11,79.207,1.33,11.4675,14.28
4.170634921,64.8029,89.08,7.74,1513.17,79.125,1.3325,11.705,12.9
4.182539683,63.188,88.59,8.4625,1495.71,79.554,1.385,11.5575,14.67
4.186507937,65.4063,89.53,8.48,1511.29,79.488,1.34,12.495,13.72
4.19047619,65.3357,89.9,8.8625,1512.12,79.721,1.3025,12.6725,13.41
4.194444444,66.8886,89.79,8.605,1509.39,80.192,1.3025,12.44,13.5
4.198412698,67.8543,89.74,8.265,1517.93,80.246,1.2575,12.245,13.02
4.21031746,68.5614,89.96,8.16,1517.01,80.31,1.2675,12.9325,12.94
4.214285714,66.8429,89.59,8.135,1519.43,80.106,1.265,13.2075,12.64
4.218253968,66.7157,89.58,8.0325,1520.33,80.091,1.26,12.5375,12.98
4.222222222,66.6557,89.94,8.2775,1521.38,80.458,1.27,12.375,12.66
4.226190476,65.7371,89.39,8.2375,1519.79,80.58,1.2625,12.5875,12.46
4.242063492,65.7129,89.24,8.2775,1530.94,80.468,1.2775,11.95,12.31
4.246031746,64.1214,88.58,8.3975,1511.95,81.069,1.28,12.0825,14.68
4.25,63.7229,87.18,9.03,1502.42,81.461,1.27,12.515,15.22
4.253968254,64.4014,87.51,9.22,1515.6,81.482,1.2825,12.575,14.17
4.265873016,63.2571,87.56,9.8325,1487.85,81.67,1.3275,13.1925,18.99
4.26984127,64.1386,87.4,9.9725,1496.94,81.87,1.29,13.5725,16.87
4.273809524,63.51,87.07,9.36,1515.99,81.602,1.285,12.865,14.73
4.277777778,63.0571,86.65,8.815,1514.68,81.949,1.2675,11.825,15.51
4.253968254,61.4957,86.36,8.82,1518.2,82.313,1.2625,12.055,15.36
4.265873016,60.0071,86.08,8.855,1525.2,82.195,1.2725,12.58,14.01
4.26984127,61.592,86.62,8.4925,1539.79,82.087,1.2725,11.9075,13.48
4.273809524,60.8089,85.77,8.405,1541.46,82.459,1.265,11.9575,13.53
4.277777778,61.5117,85.86,7.9,1544.26,82.081,1.24,12.7775,13.06
4.281746032,61.6743,86.26,7.9125,1551.18,82.696,1.285,12.61,12.59
4.293650794,62.5529,86.04,7.9825,1556.22,82.573,1.21,12.375,11.56
4.297619048,61.2043,86.52,7.965,1552.48,82.584,1.1875,12.315,12.27
4.301587302,61.1929,86.3,8.0975,1554.52,82.889,1.2025,12.4475,11.83
4.305555556,61.7857,86.72,7.915,1563.23,82.606,1.2075,12.41,11.3
4.30952381,63.38,87.15,7.825,1560.7,82.261,1.225,12,11.3
4.321428571,65.1029,87.51,8.8875,1552.1,82.694,1.2425,12.51,13.36
4.325396825,64.9271,86.73,9.595,1548.34,82.989,1.245,12.77,14.39
4.329365079,64.5829,86.88,8.895,1558.71,82.779,1.245,12.75,12.67
4.333333333,64.6757,86.51,9.045,1545.8,82.74,1.2575,12.56,13.99
4.337301587,65.9871,86.66,9.71,1556.89,82.376,1.235,12.98,13.57
4.349206349,66.2257,86.82,9.31,1551.69,82.828,1.2025,12.625,13.74
4.353174603,65.8766,87.64,9.235,1563.77,82.881,1.205,12.33,12.77
4.357142857,64.5829,88.02,9.16,1562.85,83.221,1.2075,12.2025,13.15
4.361111111,63.2371,88.46,8.63,1569.19,82.996,1.22,12.115,12.7
4.337301587,61.2729,88.71,8.905,1562.17,82.733,1.16,12.6925,13.58
4.341269841,61.3989,88.52,8.885,1570.25,82.924,1.23,12.37,12.78
4.345238095,61.7129,87.35,8.67,1553.69,82.718,1.23,12.0675,14.21
4.349206349,61.1029,87.2,8.26,1559.98,82.677,1.2475,12.55,13.89
4.353174603,60.4571,87.22,7.9225,1553.28,82.496,1.25,13.1125,13.92
4.365079365,60.8871,87.55,8.025,1563.07,82.752,1.295,14.3125,13.19
4.369047619,60.9971,87.78,7.9475,1568.61,82.309,1.31,13.485,12.84
4.373015873,62.2414,88.02,8.05,1587.73,82.532,1.395,13.51,12.36
4.376984127,62.0471,87.9,7.8175,1593.37,82.247,1.405,13.405,12.24
4.380952381,61.4,86.95,7.8125,1588.85,82.311,1.405,12.97,12.06
4.392857143,59.9786,85.15,8.26,1552.36,82.417,1.38,12.83,17.27
4.396825397,60.8914,85.12,8.0275,1574.57,81.749,1.39,12.97,13.96
4.400793651,57.5429,83.09,8.455,1552.01,82.684,1.45,13.45,16.51
4.404761905,56.0071,83.04,8.225,1541.61,82.559,1.49,13.365,17.56
4.408730159,55.79,83.34,8.0775,1555.25,82.714,1.485,13.545,14.97
4.420634921,56.9529,84.66,8.4475,1562.5,82.676,1.445,13.76,14.39
4.424603175,58.0186,85.01,8.4125,1578.78,83.048,1.365,13.58,13.48
4.428571429,57.9231,85.9,8.2575,1578.79,83.048,1.285,13.44,13.61
4.432539683,58.34,87.13,7.925,1585.16,82.744,1.36,12.5975,13.62
4.436507937,59.6007,86.36,7.9375,1582.24,82.502,1.425,12.165,13.61
4.448412698,61.4457,86.53,7.9225,1593.61,82.147,1.41,11.9825,13.71
4.452380952,63.2543,86.19,7.9225,1597.57,81.746,1.49,11.72,13.52
4.420634921,62.7557,84.47,7.965,1582.7,81.484,1.52,11.7175,14.49
4.424603175,63.6457,86.32,7.8925,1597.59,82.224,1.675,11.925,13.59
4.428571429,64.2829,86.72,7.38,1614.42,82.125,1.605,12.03,12.85
4.44047619,65.8157,87.08,7.7325,1617.5,82.315,1.5675,12.41,12.66
4.444444444,65.5226,86.83,7.7,1625.96,82.253,1.5,12.33,12.83
4.448412698,66.2629,87.2,7.495,1632.69,81.896,1.765,11.74,12.66
4.452380952,65.2529,87.38,7.855,1626.67,82.793,1.72,13.19,13.13
4.456349206,64.71,87.4,8.17,1633.7,83.143,1.89,12.92,12.59
4.468253968,64.9629,86.99,8.1975,1633.77,83.277,1.865,12.325,12.55
4.472222222,63.4086,86.67,8.2625,1650.34,83.595,1.835,12.65,12.77
4.476190476,61.2643,87.06,8.7025,1658.78,83.83,1.885,12.4875,12.81
4.48015873,62.0826,87.58,8.295,1650.47,83.588,1.795,12.1975,13.07
4.484126984,61.8943,87.63,8.54,1667.47,84.252,1.805,12.4825,12.45
4.496031746,63.2757,87.75,8.5525,1666.29,83.736,1.785,12.475,13.02
4.5,62.8086,87.57,8.45,1669.16,83.864,2.01,11.875,13.37
4.503968254,63.0506,86.91,8.545,1655.35,84.352,1.93,11.995,13.82
4.507936508,63.1629,86.46,8.4625,1650.51,83.8,2.025,12.92,14.07
4.511904762,63.5929,86.38,8.33,1649.6,83.7,2.05,13.59,13.99
4.527777778,63.0627,86.69,8.5725,1660.06,84.1,2.05,13.175,14.48
4.531746032,63.5643,85.45,8.75,1648.36,83.66,2.005,13.595,14.83
4.535714286,64.5114,85.74,8.6175,1654.41,83.042,1.985,13.6225,14.53
4.53968254,64.2479,85.11,8.7175,1630.74,83.375,2.035,13.75,16.3
4.511904762,64.3886,86.37,8.965,1640.42,82.656,1.945,14.205,16.28
4.515873016,64.1871,86.01,8.8825,1631.38,82.769,1.93,13.9575,16.27
4.51984127,63.5871,86.01,8.5675,1608.9,82.594,1.9,13.685,17.5
4.523809524,62.6371,86.35,8.4225,1622.56,81.537,1.8,14.33,16.63
4.527777778,63.1159,86.49,8.155,1643.38,81.669,1.8825,15.2275,15.14
4.53968254,62.6986,86.75,8.1825,1642.81,81.646,1.9,15.3975,15.44
4.543650794,62.5143,86.25,8.3,1626.13,81.113,1.9,15.7125,17.07
4.547619048,61.7414,86.61,8.445,1612.52,80.947,1.91,16.475,18.59
4.551587302,62.2807,86.99,8.405,1636.36,80.752,1.875,16.7525,16.41
4.555555556,61.4357,87.02,8.1925,1626.73,80.67,1.785,16.285,17.15
4.567460317,61.7143,87.23,8.035,1639.04,80.787,1.7,15.5825,16.8
4.571428571,61.6814,87.2,8.29,1651.81,80.612,1.78,15.87,16.61
4.575396825,60.4286,86.91,8.435,1628.93,81.428,1.7875,15.93,16.64
4.579365079,59.5483,84.18,8.535,1588.19,81.915,1.88,16.9075,20.49
4.583333333,59.0714,83.06,8.7025,1592.43,82.318,1.89,16.615,18.9
4.595238095,57.5057,83.93,9.225,1573.09,82.425,1.945,17.43,20.11
4.599206349,57.5186,84.48,8.9125,1588.03,82.581,1.92,16.74,18.47
4.603174603,56.8671,84.7,9.0925,1603.26,82.977,1.89,16.06,17.21
4.607142857,56.2543,85.07,8.715,1613.2,82.902,1.8575,15.155,16.86
4.611111111,56.6471,84.54,8.67,1606.28,83.136,1.8075,14.51,16.86
4.587301587,58.46,84.85,9.05,1614.96,83.054,1.7775,14.645,16.37
4.591269841,59.7843,85.29,9.09,1614.08,83.544,1.7725,14.5575,16.44
4.595238095,60.1143,85.82,9.3575,1615.41,83.231,1.7525,15.275,16.2
4.603174603,59.6314,85.9,8.89,1631.89,84.449,1.655,14.04,14.89
4.615079365,59.2929,86.11,8.66,1640.46,84.193,1.65,13.7675,14.78
4.619047619,60.3357,85.94,8.795,1652.32,84.58,1.55,13.455,14.35
4.623015873,60.1043,86.53,8.8,1652.62,84.041,1.6575,14.3525,14.21
4.626984127,61.0411,87.03,9.095,1675.02,82.746,1.6925,14.8375,14.01
4.630952381,60.93,87.01,8.8975,1680.19,82.988,1.6975,14.325,13.84
4.642857143,61.0629,86.96,9.16,1682.5,83.043,1.715,14.1425,13.79
4.646825397,61.4564,86.83,8.91,1676.26,82.498,1.7,14.27,14.42
4.650793651,61.4729,86.97,8.4325,1680.91,82.708,1.5975,13.425,13.78
4.654761905,61.6797,86.61,8.02,1689.37,82.823,1.55,13.13,13.77
4.658730159,60.7071,86.36,7.855,1692.09,82.607,1.5525,13.135,12.54
4.670634921,60.9014,86.73,7.5775,1695.53,82.219,1.5525,11.9475,12.29
4.674603175,59.8557,87.01,7.59,1692.39,81.945,1.505,11.9575,12.66
4.678571429,62.93,86.87,7.98,1685.94,82.291,1.4875,12.215,13.18
4.682539683,62.6429,87.52,7.795,1690.25,81.97,1.5275,12.205,12.97
4.686507937,62.9986,88,7.6225,1691.65,81.657,1.4125,12.475,12.72
4.698412698,63.97,87.65,8.06,1685.33,81.663,1.3825,12.91,13.39
4.702380952,64.76,87.57,8.395,1685.96,81.829,1.3925,12.26,13.39
4.706349206,64.6471,87.88,8.18,1685.73,81.452,1.395,12.165,13.45
4.670634921,65.2394,87.75,7.755,1706.87,82.336,1.3775,11.91,12.94
4.674603175,66.0771,87.76,7.3,1709.67,81.908,1.3375,11.365,11.98
4.686507937,67.0643,88.05,7.45,1707.14,81.875,1.2625,11.22,11.84
4.69047619,66.4643,87.5,7.3425,1697.37,81.603,1.2575,11.335,12.72
4.694444444,66.4257,87.53,7.2575,1690.91,81.287,1.2125,11.9875,12.98
4.698412698,65.8586,87.25,7.135,1697.48,80.977,1.2275,12.035,12.73
4.702380952,64.9214,87.64,7.0425,1691.42,81.126,1.2225,11.475,13.41
4.714285714,66.7657,87.85,7.2525,1689.47,81.333,1.2075,11.38,12.81
4.718253968,69.9386,88.03,7.38,1694.16,81.768,1.1825,11.8025,12.31
4.722222222,71.2143,88.11,7.22,1685.39,81.711,1.1825,11.8975,13.04
4.726190476,71.13,88.02,7.13,1661.32,81.181,1.175,11.61,14.73
4.73015873,71.7614,87.86,7.07,1655.83,81.257,1.185,11.315,14.37
4.742063492,72.5343,87.83,7.695,1646.06,81.226,1.19,12.5525,15.1
4.746031746,71.5814,88.02,7.8275,1652.35,80.906,1.2125,12.8975,14.91
4.75,71.7657,87.69,7.9275,1642.8,81.213,1.2075,12.61,15.94
4.753968254,71.8514,87.64,7.9425,1656.96,81.488,1.2125,12.32,14.76
4.757936508,71.5743,87.69,7.83,1663.5,81.361,1.1775,12.3325,13.98
4.76984127,71.8529,87.57,7.8825,1656.78,81.407,1.2,12.5775,14.99
4.773809524,69.7986,88.13,8.15,1630.48,81.166,1.19,13.465,16.77
4.777777778,70.128,87.6,8.21,1634.96,81.431,1.1875,13.0675,16.49
4.781746032,70.2429,86.74,8.165,1638.17,81.948,1.1,12.6975,16.81
4.785714286,69.6023,87.02,8.26,1632.97,82.087,1.0775,12.66,17.01
4.761904762,69.7971,87.22,8.66,1639.77,82.361,1.0925,13.695,16.61
4.765873016,71.2416,87.26,8.135,1653.08,82.169,1.075,12.7475,15.88
4.76984127,70.7529,87.39,8.155,1655.08,82.633,1.0775,12.8425,15.77
4.773809524,71.1743,87.48,7.625,1655.17,82.146,1.0925,12.4075,15.85
4.785714286,72.31,87.02,7.485,1671.71,81.793,1.0775,12.405,15.63
4.78968254,70.6629,86.66,7.3275,1683.99,81.821,1.05,12.005,14.53
4.793650794,66.8157,86.64,7.4775,1689.13,81.518,1.09,12.07,13.82
4.797619048,67.5271,87.08,7.2125,1683.42,81.489,1.225,11.95,14.29
4.801587302,66.4143,87.24,7.1825,1687.99,81.452,1.325,11.73,14.16
4.813492063,64.3029,87.02,7.38,1697.6,81.295,1.32,11.83,14.38
4.817460317,65.0457,86.88,7.3425,1704.76,81.143,1.29,11.6,14.53
4.821428571,66.3829,87.71,6.875,1725.52,80.237,1.295,10.955,13.59
4.825396825,67.4714,87.37,6.7775,1722.34,80.372,1.285,10.93,13.16
4.829365079,66.7729,87.5,6.9375,1709.91,80.431,1.265,11.035,13.12
4.841269841,70.0914,87.39,7.0825,1701.84,80.449,1.305,10.96,14.31
4.845238095,69.8714,87.3,7.14,1697.42,80.563,1.285,10.92,14.08
4.849206349,68.79,86.95,6.9825,1692.77,80.334,1.285,10.8425,14.01
4.853174603,69.46,87.44,6.78,1698.67,80.523,1.25,10.54,14.06
4.857142857,68.9643,86.76,6.7425,1691.75,80.287,1.2375,10.515,15.46
4.869047619,68.1071,87.07,7.3875,1681.55,80.221,1.24,11.39,16.6
4.837301587,69.7086,87.13,7.5875,1695,80.141,1.23,11.24,15.54
4.841269841,69.9371,87.77,7.245,1693.87,79.9,1.24,11.15,16.6
4.845238095,69.0586,87.28,7.2625,1678.66,79.749,1.245,10.9,17.67
4.849206349,69.0043,87.89,7.275,1690.5,80.122,1.2375,10.7275,16.74
4.861111111,69.6786,88.29,7.5825,1676.12,79.941,1.24,11.06,19.41
4.865079365,68.7057,87.99,7.4925,1655.45,80.06,1.25,10.795,20.34
4.869047619,69.5126,87.47,7.45,1656.4,80.376,1.2375,11.025,19.6
4.873015873,69.9483,88.27,6.97,1692.56,80.417,1.2275,10.6525,16.48
4.876984127,70.4017,88.35,6.7625,1703.2,80.362,1.245,10.25,15.72
4.888888889,70.8629,88.39,6.8775,1710.14,80.263,1.2825,10.2,16.07
4.892857143,71.24,88.23,6.845,1698.06,80.482,1.3025,9.9825,18.66
4.896825397,71.5877,88.3,6.9425,1721.54,80.47,1.3325,10.11,14.71
4.900793651,72.0714,87.4,6.7275,1733.15,79.649,1.3,9.655,13.48
4.904761905,72.6986,87.81,6.68,1744.5,79.654,1.275,9.0725,13.04
4.916666667,74.4803,87.55,6.9225,1744.66,79.695,1.255,9.13,13.16
4.920634921,74.2668,86.92,6.905,1754.67,79.23,1.2275,8.86,13.33
4.924603175,74.9943,85.89,6.8075,1746.38,79.264,1.2475,8.885,13.42
4.928571429,75.9871,85.79,6.635,1752.07,79.185,1.2675,8.5525,13.2
4.932539683,75.1369,86.17,6.71,1759.77,79.194,1.2825,8.555,13.09
4.944444444,75.6966,86.43,6.7875,1762.11,79.246,1.3,8.2225,13.31
4.948412698,73.8111,86.36,6.92,1771.95,79.607,1.2875,8.5575,13.41
4.952380952,74.9851,86.89,6.78,1763.31,79.777,1.34,8.675,13.65
4.956349206,74.6717,86.78,7.14,1756.54,80.195,1.3575,8.4,13.75
4.920634921,74.29,86.1,7.3275,1761.64,80.716,1.4375,8.81,13.28
4.932539683,75.25,86.26,7.32,1767.93,80.553,1.5375,8.91,12.93
4.936507937,75.0641,86.01,7.8175,1762.97,80.706,1.505,8.625,13.27
4.94047619,74.4171,86.37,7.7525,1770.49,80.483,1.4825,8.455,12.67
4.944444444,73.2131,86.41,7.4375,1747.15,80.845,1.5175,9.425,13.91
4.948412698,74.3657,86.31,7.1225,1770.61,81.303,1.7225,9.035,12.9
4.96031746,74.1497,86.62,7.08,1771.89,81.091,1.635,9.135,12.53
4.964285714,74.2871,85.99,7.08,1767.69,81.192,1.65,9.9325,12.82
4.968253968,74.3763,86.7,7.035,1782,80.926,1.615,9.175,12.52
4.972222222,75.4514,87.03,6.6525,1790.62,81.023,1.6175,9.24,12.37
4.976190476,74.9987,87.11,6.4125,1798.18,80.849,1.64,9.0425,12.19
4.988095238,74.0899,86.58,6.4775,1791.53,80.825,1.5425,8.7225,13.1
4.992063492,74.2214,86.22,6.78,1787.87,80.704,1.7375,9.4325,13.39
4.996031746,73.5714,86.51,7.09,1781.37,81.112,1.6375,8.7775,13.4
5,74.448,86.57,6.835,1795.85,81.073,1.5425,9.335,12.66
5.003968254,74.2571,86.42,6.8275,1804.76,80.708,1.5225,9.39,12.26
5.015873016,74.82,86.38,7.13,1802.48,80.92,1.53,9.4075,12.79
5.01984127,76.2,86.43,6.845,1802.75,80.611,1.525,9.195,12.81
5.023809524,77.9943,86.2,6.97,1807.23,80.722,1.55,9.1525,12.98
5.031746032,79.4386,86.43,6.745,1805.81,80.68,1.61,9.235,13.7
5.007936508,78.7471,86.64,6.9275,1800.9,80.925,1.59,9.5625,14.23
5.011904762,80.9031,86.63,6.91,1795.15,80.591,1.6025,9.8425,14.55
5.015873016,80.7143,86.67,6.9925,1792.81,80.619,1.6,10.26,14.7
5.01984127,81.1287,86.22,6.66,1785.03,80.235,1.615,10.0325,15.08
5.023809524,80.0029,86.46,6.185,1805.09,80.315,1.67,9.385,13.79
5.035714286,80.9186,86.44,6.51,1808.37,80.134,1.82,9.4725,13.49
5.03968254,80.7929,86.59,6.53,1802.62,79.966,1.85,9.48,13.91
5.043650794,80.1943,86.68,6.56,1782.22,79.894,1.82,9.3975,15.42
5.047619048,80.0771,86.54,6.87,1775.5,80.206,1.82,9.7275,15.54
5.051587302,79.2043,85.6,6.93,1775.32,80.214,1.815,10.01,15.76
5.063492063,79.6429,86.04,6.98,1786.54,80.074,1.795,9.87,16.03
5.067460317,79.2843,86.06,6.86,1781,80.061,1.735,9.6025,16.21
5.071428571,78.6814,85.56,6.5925,1810.65,80.105,1.74,9.085,13.8
5.075396825,77.78,85.35,6.2075,1809.6,80.63,1.795,8.6925,14.15
5.079365079,78.4314,85.36,6.355,1818.32,80.575,1.77,8.895,13.79
5.091269841,81.4414,85.6,6.5075,1827.99,80.447,1.755,8.8925,13.04
5.095238095,81.0957,85.61,6.545,1833.32,80.536,1.875,8.7725,12.48
5.103174603,80.5571,85.86,6.5925,1842.02,80.484,1.8775,9.225,12.33
5.107142857,80.0129,86.19,7.04,1841.4,80.392,1.8975,9.5325,12.46
5.119047619,79.2171,86.3,7.71,1841.07,80,1.85,9.3625,13.56
5.123015873,80.1457,86.29,7.645,1848.36,80.035,1.845,9.2525,13.72
5.091269841,79.0186,84.93,7.74,1831.98,80.63,1.545,9.345,14.23
5.095238095,77.2829,84.38,7.515,1831.37,80.791,1.4225,9.515,13.76
5.107142857,77.7043,84.55,7.0175,1826.77,80.652,1.2725,9.1425,13.55
5.111111111,77.1482,83.6,6.855,1837.88,80.833,1.2725,8.8225,12.92
5.115079365,77.6371,82.71,6.92,1837.49,81.022,1.3,8.9625,12.87
5.119047619,76.6456,82.52,6.565,1838.13,81.005,1.245,8.715,12.89
5.123015873,76.1343,82.63,6.195,1842.37,80.658,1.1725,8.5875,12.14
5.134920635,76.5329,82.11,6.33,1819.2,80.513,1.2175,9.05,13.28
5.138888889,78.0557,82.49,6.19,1838.88,80.662,1.22,8.78,12.28
5.142857143,79.6229,83.02,6.495,1848.38,81.027,1.15,8.7825,12.28
5.146825397,79.1786,82.39,6.295,1845.89,80.91,1.16,8.6325,12.53
5.150793651,77.2386,82.85,6.5525,1838.7,81.225,1.17,8.38,12.44
5.166666667,78.4386,82.94,6.66,1843.8,81.098,1.205,8.4425,12.87
5.170634921,78.7871,83.54,6.5175,1844.86,81.167,1.17,8.3175,12.84
5.174603175,79.4543,83.32,6.4525,1828.46,80.438,1.22,8.9,13.77
5.178571429,78.01,83.59,6.55,1790.29,80.458,1.2425,9.815,18.14
5.19047619,78.6429,83.15,6.54,1781.56,80.524,1.2775,9.7475,17.42
5.194444444,72.3571,83.79,6.555,1792.5,80.568,1.25,9.41,15.8
5.198412698,71.5357,83.68,6.3925,1774.2,80.505,1.2275,9.49,17.35
5.202380952,71.3974,83.95,6.8725,1794.19,81.085,1.245,9.1975,17.29
5.206349206,71.5143,83.24,7.1875,1782.59,81.311,1.245,9.405,18.41
5.178571429,71.6471,83.33,7.1125,1741.89,81.009,1.2425,10.1175,21.44
5.182539683,72.6843,84,6.89,1755.2,81.121,1.2425,9.8725,19.11
5.186507937,73.2271,84.81,6.8375,1751.64,81.036,1.235,9.8825,19.95
5.19047619,73.2157,85.3,6.655,1773.43,80.906,1.12,9.7575,17.23
5.194444444,74.24,86.2,6.43,1797.02,80.691,1.145,9.1575,15.29
5.206349206,75.57,86.04,6.3775,1799.84,80.642,1.1725,9.0875,15.26
5.21031746,76.5657,86.55,6.5025,1819.75,80.638,1.1,8.915,14.51
5.214285714,76.56,86.75,6.575,1819.26,80.679,1.05,8.8175,14.3
5.218253968,77.7757,86.81,6.56,1829.83,80.323,1.07,9.0175,14.14
5.222222222,77.7129,86.88,6.365,1838.63,80.136,1.05,8.8,13.57
5.238095238,77.9986,87.06,6.2475,1840.76,80.008,1.065,8.705,13.87
5.242063492,76.7671,86.71,6.1675,1828.75,80.144,1.065,8.5825,15.5
5.246031746,75.8786,86.95,6.5225,1839.78,80.286,1.2,8.5225,14.79
5.25,75.0357,86.96,6.2525,1836.25,80.237,1.7325,8.6575,14.68
5.261904762,75.3643,87.27,6.315,1847.61,80.199,1.5125,8.4825,14.23
5.265873016,74.58,86.67,6.3875,1845.12,80.137,1.6375,8.27,13.67
5.26984127,73.9071,86.83,6.6375,1845.16,80.429,1.7375,8.32,14.35
5.273809524,75.3814,86.89,6.675,1854.29,80.285,2.07,8.355,14.04
5.277777778,75.1771,87.25,6.4425,1859.45,79.691,2.01,8.455,14
5.261904762,75.3943,87.81,7.0775,1845.73,80.077,1.97,9.04,16
5.265873016,75.8914,87.03,6.8875,1873.91,80.168,1.8375,8.57,14.1
5.26984127,76.0514,86.63,6.89,1873.81,80.109,1.8625,8.4,13.89
5.273809524,75.8214,87.01,6.5575,1877.03,79.663,1.7625,8.44,14.21
5.277777778,75.7771,87.45,6.2525,1878.04,79.719,1.7325,8.22,14.11
5.28968254,75.8457,86.79,6.3225,1877.17,79.768,2.1175,8.345,14.2
5.293650794,76.5843,87.06,6.2325,1867.63,79.736,2.0875,8.165,14.8
5.297619048,76.6586,86.45,6.26,1868.2,79.608,2.4275,8.135,14.47
5.301587302,75.8071,86.82,6.54,1846.34,79.62,2.1575,8.42,16.22
5.305555556,74.9557,87.12,6.7075,1841.13,79.446,2.435,8.48,17.82
5.317460317,75.2486,86.24,6.6025,1858.83,79.385,2.39,8.225,15.64
5.321428571,75.9143,86.32,6.4525,1872.25,79.414,2.34,8.3,14.52
5.325396825,75.8943,85.95,6.355,1860.77,79.995,2.46,7.77,15.12
5.329365079,75.5286,86.11,6.2575,1872.01,80.192,2.54,7.735,14.52
5.333333333,76.1243,86.47,5.9775,1866.52,80.105,2.49,7.4125,15
5.345238095,77.0271,86.54,6.06,1857.44,79.934,2.3275,7.5625,15.09
5.349206349,77.8557,86.51,6.1675,1865.62,79.944,2.0825,7.59,14.02
5.353174603,77.1114,86.98,6.3075,1852.56,80.032,2.0525,7.7025,14.93
5.357142857,76.78,87.43,6.535,1849.04,80.111,2.3425,7.9975,14.62
5.361111111,76.6943,87.5,6.37,1857.62,80.176,2.1325,8.1575,14.41
5.373015873,76.6771,87.74,6.43,1872.34,80.1,2.1,8.3925,13.88
5.337301587,77.3786,87.01,6.365,1885.52,80.094,2,8.4375,13.1
5.341269841,77.5071,87.31,6.3825,1890.9,80.215,2,8.24,13.09
5.345238095,76.97,87.89,6.05,1888.77,80.475,2.0175,8.2125,13.37
5.349206349,75.9743,88.04,5.7175,1865.09,80.423,2.1325,7.39,13.96
5.361111111,74.7814,87.89,5.615,1845.04,80.232,2.135,7.41,15.57
5.365079365,74.7771,88.72,5.8075,1851.96,79.752,1.9,7.54,14.89
5.369047619,75.76,88.79,5.595,1872.18,79.484,1.935,7.2375,13.82
5.373015873,74.7829,88.73,5.405,1833.08,79.383,1.9525,7.215,15.89
5.376984127,74.23,88.63,5.4175,1815.69,79.452,2.0125,7.32,17.03
5.388888889,74.5257,89.07,5.8675,1830.61,79.729,2.0875,7.355,16.11
5.392857143,73.9943,89.03,5.9825,1842.98,79.803,2.1025,7.255,15.61
5.396825397,74.1443,89.24,5.6075,1862.31,79.803,2.1175,7.115,14.18
5.400793651,74.9914,89.22,5.5475,1864.85,79.828,2.035,6.815,13.36
5.416666667,75.8814,89.52,5.84,1871.89,79.945,2.0625,7.465,13.25
5.420634921,75.957,89.38,5.695,1879.55,79.905,2.005,7.27,13.19
5.424603175,74.9643,89.53,5.5725,1875.39,79.855,2.15,6.895,13.27
5.428571429,81.11,89.79,5.0975,1878.61,79.799,2.19,6.315,13.32
5.432539683,81.7057,89.03,5.085,1863.4,79.749,2.2,6.4175,14.06
5.444444444,84.87,88.72,5.43,1869.43,79.683,2.095,6.61,13.97
5.448412698,84.6186,88.92,5.4925,1878.33,79.808,2.14,6.825,13.71
5.452380952,84.2986,88.03,5.085,1883.95,79.474,2.05,6.645,13.41
5.420634921,84.4971,87.78,5.06,1883.68,79.527,2.035,6.3,13.25
5.424603175,84.6543,87.88,5.0125,1881.14,79.516,2.005,5.93,12.91
5.436507937,85.8514,87.58,5.2075,1884.66,79.486,1.95,6.115,13.29
5.44047619,84.9157,87.37,5.235,1867.72,79.093,1.785,6.21,13.8
5.444444444,84.6186,88.24,5.4075,1878.21,79.202,1.79,6.1175,13.4
5.448412698,83.9986,88.22,5.3575,1875.63,79.361,1.615,5.915,13.43
5.452380952,83.6489,87.91,5.6475,1878.48,79.903,1.565,5.7,12.92
5.464285714,84.69,88.51,5.65,1896.65,79.901,1.565,5.9175,12.23
5.468253968,84.8229,89.14,5.8575,1897.45,80.143,1.565,5.855,12.13
5.472222222,84.8386,89.59,5.7875,1888.53,80.073,1.55,5.8175,12.17
5.476190476,84.1171,89.63,6.0425,1870.85,80.003,1.565,6.275,13.17
5.48015873,85.3586,89.78,5.7475,1877.86,80.043,1.585,6.1875,12.44
5.492063492,86.37,89.78,5.7925,1885.08,79.993,1.5725,6.305,12.42
5.496031746,86.3871,90.05,5.8575,1872.83,80.041,1.54,6.245,12.96
5.5,86.6157,90.63,6.025,1888.03,80.095,1.315,6.265,11.91
5.503968254,86.7529,90.72,5.9025,1892.49,80.254,1.265,5.77,12.03
5.507936508,87.7329,91,6.025,1900.53,80.393,1.205,5.8675,11.36
5.523809524,89.3757,90.85,6.1475,1911.91,80.352,1.27,5.9175,11.51
5.527777778,89.1443,90.71,6.205,1909.78,80.571,1.24,5.7225,11.68
5.531746032,90.7686,90.89,6.005,1920.03,80.494,1.24,5.58,11.57
5.535714286,90.4286,90.64,5.83,1923.57,80.369,1.24,5.44,11.4
5.507936508,89.8071,90.65,6.3575,1924.97,80.644,1.25,6.1525,11.58
5.511904762,91.0771,90.89,6.47,1924.24,80.554,1.2375,6.375,11.87
5.515873016,92.1171,90.67,7.2125,1927.88,80.663,1.245,6.3575,12.08
5.51984127,92.4786,90.9,5.8875,1940.46,80.371,1.3075,6.03,11.68
5.523809524,92.2243,90.82,4.95,1949.44,80.409,1.275,5.3325,10.73
5.535714286,93.7,91.55,5.2625,1951.27,80.653,1.445,5.35,11.15
5.53968254,94.25,91.5,5.355,1950.79,80.82,1.48,5.43,10.99
5.543650794,93.86,91.83,5.4625,1943.89,80.788,1.485,5.515,11.6
5.547619048,92.29,92.78,5.21,1930.11,80.576,1.485,5.485,12.56
5.551587302,91.28,92.53,5.1475,1936.16,80.576,1.465,5.41,12.18
5.563492063,92.2,93.03,5.225,1937.78,80.471,1.465,5.435,12.65
5.567460317,92.08,93.18,5.2475,1941.99,80.629,1.47,5.5875,12.06
5.571428571,92.18,93.49,5.0125,1956.98,80.584,1.505,5.435,10.61
5.575396825,91.86,93.96,4.6075,1959.48,80.317,1.505,4.875,10.62
5.579365079,90.91,94.12,4.705,1962.87,80.372,1.51,4.89,10.85
5.591269841,90.83,94.02,4.79,1962.61,80.272,1.515,4.955,10.98
5.595238095,90.28,94.22,4.7125,1949.98,80.327,1.43,4.99,12.13
5.599206349,90.36,94.84,4.595,1959.53,80.225,1.465,4.855,11.59
5.603174603,90.9,94.55,4.5575,1957.22,80.22,1.47,4.845,11.63
5.607142857,91.98,94.6,4.425,1960.96,80.039,1.435,4.9825,11.26
5.619047619,92.93,94.62,4.425,1960.23,79.775,1.4,5.3,11.57
5.587301587,93.52,95.12,4.375,1973.32,79.815,1.4,4.97,11.15
5.591269841,93.48,94.85,4.32,1974.62,79.956,1.435,4.9575,10.82
5.595238095,94.03,94.82,4.1775,1985.44,80.212,1.7625,4.655,10.32
5.611111111,95.968,94.73,4.555,1977.65,80.218,1.8,4.775,11.33
5.615079365,95.35,94.47,4.5575,1963.71,80.179,1.8,4.83,11.98
5.619047619,95.39,94.1,4.585,1972.83,79.993,1.65,4.8025,11.65
5.623015873,95.035,94.34,4.555,1964.68,80.127,1.625,5.07,12.59
5.626984127,95.22,93.49,4.4475,1967.57,80.187,1.64,4.92,12.08
5.638888889,96.45,94.16,4.3825,1977.1,80.188,1.65,4.7825,11.82
5.642857143,95.32,93.33,4.45,1973.28,80.39,1.68,4.595,11.96
5.646825397,94.78,93.27,4.695,1981.57,80.559,1.65,4.45,11
5.650793651,93.0899,93.06,4.56,1958.12,80.505,1.6,4.78,14.54
5.654761905,94.43,92.63,4.47,1978.22,80.524,1.59,4.58,12.06
5.666666667,93.939,93.76,4.61,1973.63,80.56,1.57,4.5375,12.81
5.670634921,94.72,93.53,4.905,1983.53,80.781,1.45,4.52,12.24
5.674603175,97.19,94.03,4.71,1987.01,80.823,1.445,4.5825,11.52
5.678571429,97.03,93.56,4.62,1987.98,80.872,1.445,4.76,11.84
5.682539683,97.671,93.93,4.4525,1978.34,81.029,1.4,4.85,12.69
5.694444444,99.02,93.04,4.53,1978.91,81.025,1.44,4.795,12.56
5.698412698,98.38,92.77,4.6625,1969.95,81.214,1.44,5.1475,13.28
5.702380952,98.15,92.47,4.92,1970.07,81.432,1.44,5.8825,13.33
5.706349206,95.6,91.81,4.605,1930.67,81.456,1.455,5.7,16.95
5.670634921,96.13,91.63,4.165,1925.15,81.302,1.455,4.7625,17.03
5.682539683,95.59,92.11,4.325,1938.99,81.328,1.475,4.55,15.12
5.686507937,95.12,91.99,4.4825,1920.21,81.328,1.45,4.6125,16.87
5.69047619,94.96,92.15,4.52,1920.24,81.444,1.415,4.9825,16.37
5.694444444,94.48,92.63,4.6025,1909.57,81.524,1.45,5.3075,16.66
5.698412698,94.74,92.46,4.7625,1931.59,81.389,1.5375,5.775,15.77
5.71031746,95.99,92.64,4.77,1936.92,81.466,1.55,5.335,14.23
5.714285714,95.97,92.3,4.7875,1933.75,81.5,1.4875,5.3025,14.13
5.718253968,97.24,92.81,4.755,1946.72,81.596,1.5425,5.455,12.9
5.722222222,97.5,90.99,4.545,1955.18,81.588,1.5375,5.335,12.42
5.726190476,97.98,91.61,4.7,1955.06,81.424,1.5425,5.5775,13.15
5.738095238,99.16,90.72,4.9325,1971.74,81.576,1.4525,5.645,12.32
5.742063492,100.53,90.53,5.085,1981.6,81.883,1.55,5.595,12.21
5.746031746,100.57,90.55,5.2325,1986.51,82.226,1.55,5.9725,11.78
5.75,100.58,90.68,5.155,1992.37,82.154,1.58,5.9375,11.76
5.753968254,101.32,91.06,4.925,1988.4,82.336,1.6,5.8075,11.47
5.765873016,101.54,91.13,5.5325,1997.92,82.549,1.6425,6.11,11.7
5.76984127,100.889,91.47,5.625,2000.02,82.65,1.5375,6.005,11.63
5.773809524,102.13,91.3,5.8575,2000.12,82.428,1.5,5.905,11.78
5.777777778,102.25,91.16,5.715,1996.74,82.477,1.5,5.9725,12.05
5.781746032,102.5,91.62,5.4825,2003.37,82.748,1.5375,5.7525,11.98
5.757936508,103.3,90.1,6.3575,2002.28,82.992,1.5,6.5575,12.25
5.761904762,98.94,91.66,6.1425,2000.72,82.865,1.5425,6.375,12.36
5.765873016,98.12,90.93,6.4975,1997.65,83.82,1.55,6.4175,12.64
5.76984127,98.97,90.63,6.2375,2007.71,83.739,1.55,6.32,12.09
5.781746032,98.36,90.24,6.615,2001.54,84.232,1.5,6.71,12.66
5.785714286,97.99,90.01,7.455,1988.44,84.278,1.55,7.9375,13.5
5.78968254,101,89.38,7.615,1995.69,84.283,1.65,8.255,12.88
5.793650794,101.43,89.68,7.1775,1997.45,84.298,1.735,7.96,12.8
5.797619048,101.66,89.56,7.1775,1985.54,84.24,1.6875,7.9775,13.31
5.80952381,101.63,89.83,7.49,1984.13,84.264,1.735,8.1075,14.12
5.813492063,100.86,90.85,7.3125,1998.98,84.074,1.75,7.9275,12.73
5.817460317,101.58,90.4,6.855,2001.57,84.345,1.7,7.5875,12.65
5.821428571,101.79,89.64,6.47,2011.36,84.323,1.7,7.4775,12.03
5.825396825,100.96,89.67,6.29,2010.4,84.735,1.665,7.48,12.11
5.837301587,101.06,89.16,6.325,1994.29,84.752,1.6075,7.565,13.69
5.841269841,102.64,89.3,6.3375,1982.77,84.658,1.7,7.715,14.93
5.845238095,101.75,89.51,6.505,1998.3,85.037,1.685,7.5325,13.27
5.849206349,97.87,89.31,6.83,1965.99,85.195,1.635,7.705,15.64
5.853174603,100.75,89.35,6.88,1982.85,85.64,1.685,7.8075,14.85
5.865079365,100.11,89.3,6.9075,1977.8,85.591,1.915,8.365,15.98
5.869047619,100.75,87.06,6.9775,1972.29,85.936,1.9,8.295,16.31
5.837301587,99.18,86.73,7.045,1946.16,85.972,1.9,8.565,16.71
5.841269841,99.9,86.25,6.3625,1946.17,85.601,1.9025,8.85,16.16
5.845238095,99.62,84.97,6.85,1967.9,86.694,1.935,7.82,14.55
5.857142857,99.62,85.74,7.1025,1964.82,85.928,1.95,8.075,15.46
5.861111111,98.75,85.2,7.49,1935.1,85.672,1.935,8.25,17.2
5.865079365,100.8,84.67,7.015,1968.89,85.297,1.9325,7.8425,15.11
5.869047619,101.02,83.64,7,1928.21,85.522,1.935,7.6625,18.76
5.873015873,100.73,83.61,7.2525,1906.13,85.912,1.9325,7.82,21.24
5.884920635,99.81,83.69,6.9775,1874.74,85.532,1.935,8.1975,24.64
5.888888889,98.75,80.26,6.9825,1877.7,85.822,1.935,8.125,22.79
5.892857143,97.54,79.17,7.755,1862.49,85.147,1.92,9.2075,26.25
5.896825397,96.26,79.86,7.93,1862.76,84.955,1.9325,8.9225,25.2
5.900793651,97.67,79.99,7.71,1886.76,85.11,1.95,8.38,21.99
5.912698413,99.76,79.39,7.565,1904.01,84.953,2.0425,8.47,18.57
5.916666667,102.47,79.54,7.755,1941.28,85.303,1.95,8.0875,16.08
5.920634921,102.99,78.89,7.665,1927.11,85.741,1.95,7.915,17.87
5.924603175,104.83,80.39,7.29,1950.82,85.843,1.95,8.0375,16.53
5.928571429,105.22,80.33,7.1775,1964.58,85.732,1.915,8.12,16.11
5.94047619,105.11,80.04,7.0325,1961.63,85.495,1.8675,8.17,16.04
5.944444444,106.74,80.51,6.615,1985.05,85.408,1.8175,7.78,14.39
5.948412698,107.34,81.09,6.4825,1982.3,85.952,1.7825,7.435,15.15
5.952380952,106.98,80.41,6.6175,1994.65,86.147,1.75,7.7975,14.52
5.956349206,108,80.27,7.3275,2018.05,86.917,1.6675,9.5975,14.03
5.928571429,109.4,79.48,7.905,2017.81,87.309,1.7325,10.6425,14.73
5.932539683,108.6,78.31,8.27,2012.1,86.984,1.735,10.0925,14.89
5.936507937,108.86,78.79,8.7525,2023.57,87.444,1.735,10.3775,14.17
5.94047619,108.7,78.61,8.595,2031.21,88.012,1.8825,10.9425,13.67
5.944444444,109.01,79.3,7.805,2031.92,87.642,2.0975,9.6425,13.12
5.956349206,108.83,78.56,7.65,2038.26,87.81,1.9825,8.9525,12.67
5.96031746,109.7,78.72,7.7325,2039.68,87.531,2.01,10.2725,12.92
5.964285714,111.25,77.95,7.91,2038.25,87.822,2.0075,10.97,13.02
5.968253968,112.82,75.01,7.5775,2039.33,87.674,2.005,10.645,13.79
5.972222222,114.18,76.3,7.9475,2039.82,87.525,2.0075,11.3825,13.31
5.984126984,113.99,76.31,8.0525,2041.32,87.926,2.01,11.595,13.99
5.988095238,115.47,75.55,8.2475,2051.8,87.575,2,11.63,13.86
5.992063492,114.67,75.01,8.07,2048.72,87.647,2,11.685,13.96
5.996031746,116.31,75.86,7.99,2052.75,87.591,2.08,11.725,13.58
6,116.47,76.89,8.5475,2063.5,88.31,1.9325,10.81,12.9
6.011904762,118.625,76.33,8.835,2069.41,88.151,2.065,10.885,12.62
6.015873016,117.6,74.95,8.2875,2067.03,87.92,2.33,10.3475,12.25
6.01984127,119,74.59,8.23,2072.83,87.607,2.2125,9.945,12.07
6.027777778,118.93,68.22,8.22,2067.56,88.356,2.465,9.715,13.33
6.003968254,115.07,70.7,8.4075,2053.44,87.946,2.5325,10.1775,14.29
6.007936508,114.63,69.04,8.8525,2066.55,88.647,2.5375,10.24,12.85
6.011904762,115.93,69.27,8.965,2074.33,88.956,2.57,11.285,12.47
6.015873016,115.49,68.75,7.64,2071.92,88.704,2.4575,10.425,12.38
6.01984127,115,67.98,7.55,2075.37,89.334,2.3675,10.65,11.82
6.031746032,112.4,65.49,7.73,2060.31,89.041,2.515,11.425,14.21
6.035714286,114.12,66.05,8.0475,2059.82,88.69,2.8775,12.0775,14.89
6.03968254,111.95,63.82,8.22,2026.14,88.271,2.875,12.355,18.53
6.043650794,111.62,63.37,8.51,2035.33,88.663,2.79,11.9325,20.08
6.047619048,109.73,61.46,8.39,2002.33,88.363,2.7775,11.6925,21.08
6.05952381,108.225,60.17,8.4225,1989.63,88.46,2.7275,10.9925,20.42
6.063492063,106.745,59.56,8.4075,1972.74,88.125,2.78,12.355,23.57
6.067460317,109.41,60.04,8.5225,2012.89,89.133,2.7275,11.46,19.44
6.071428571,112.65,58.1,8.8875,2061.23,89.235,2.9225,10.815,16.81
6.075396825,111.78,60.83,8.235,2070.65,89.598,2.8275,10.6325,16.49
6.087301587,112.94,59.74,9.35,2078.54,89.77,2.8025,10.7075,15.25
6.091269841,112.54,61.46,9.46,2082.17,90.064,2.77,10.67,14.8
6.095238095,112.01,60.78,9.3475,2081.88,89.967,2.745,10.4875,14.37
6.103174603,113.99,60.01,9.335,2088.77,90.03,2.685,10.7675,14.5
6.115079365,113.91,59.19,9.4825,2090.57,90.19,2.6775,11.0925,15.06
6.119047619,112.52,59.66,9.8575,2080.35,89.991,2.6475,11.19,15.92
6.123015873,110.38,59.45,9.545,2058.9,90.269,2.5675,11.2175,19.2
6.091269841,109.33,59.05,9.5975,2058.2,91.08,2.0925,11.3425,17.79
6.103174603,106.25,57.07,9.805,2020.58,91.378,2.055,11.2775,19.92
6.107142857,106.26,55.01,9.74,2002.61,91.499,1.825,11.56,21.12
6.111111111,107.75,55.15,10.21,2025.9,91.89,1.86,11.2575,19.31
6.115079365,111.89,55.3,10.0325,2062.14,92.368,1.915,10.74,17.01
6.119047619,112.01,55.38,9.4975,2044.81,91.935,1.875,9.9375,17.55
6.130952381,109.25,53.65,9.63,2028.26,91.983,1.855,10.065,19.6
6.134920635,110.22,53.49,9.92,2023.03,92.31,1.83,10.6625,20.56
6.138888889,109.8,55.12,10.13,2011.27,92.161,1.5975,11.0875,21.48
6.142857143,106.82,53.27,12.8075,1992.67,92.352,1.615,12.4175,22.39
6.146825397,105.99,55.12,13.135,2019.42,92.52,1.92,12.6125,20.95
6.162698413,108.72,52.89,12.49,2022.55,93.046,1.83,12.355,19.89
6.166666667,109.55,53.99,12.72,2032.12,92.904,1.79,11.2,18.85
6.170634921,112.4,53.41,11.63,2063.15,94.077,1.8075,10.81,16.4
6.174603175,112.98,53.38,12.8,2051.82,94.762,2.19,11.165,16.66
6.186507937,113.1,53.32,12.6,2057.09,94.802,2.935,11.1125,15.52
6.19047619,109.14,54.29,12.505,2029.55,94.022,2.3975,10.8975,17.22
6.194444444,115.31,53.33,12.1525,2002.16,94.467,2.4775,10.6625,20.44
6.198412698,118.9,53.51,11.67,2021.25,94.782,2.9075,10.835,18.76
6.202380952,117.16,56.79,11.6875,1994.99,94.804,2.955,11.305,20.97
6.174603175,118.63,58.16,11.4025,2020.85,94.504,3.53,11.13,19.43
6.178571429,118.65,61.28,11.04,2050.03,93.6,3.34,10.6,17.33
6.182539683,119.56,57.78,11.3825,2041.51,93.986,3.145,10.045,18.33
6.186507937,119.94,59.25,12.08,2062.52,93.569,2.955,9.6325,16.85
6.19047619,118.93,60.11,12.1275,2055.47,94.698,2.845,10.285,17.29
6.202380952,119.72,60.96,12.62,2046.74,94.449,2.98,10.5275,18.55
6.206349206,122.02,59.13,12.495,2068.59,94.758,2.83,10.7925,17.23
6.21031746,124.88,58.4,12.245,2068.53,94.985,2.545,11.41,16.96
6.214285714,126.46,60.47,11.7175,2088.48,94.094,2.675,11.255,15.34
6.218253968,127.08,61.26,10.925,2096.99,94.201,2.58,10.73,14.69
6.234126984,127.83,61.43,10.975,2100.34,94.061,2.86,10.235,15.8
6.238095238,128.715,59.93,10.78,2099.68,94.198,2.955,9.86,15.45
6.242063492,128.45,58.98,11.09,2097.45,94.404,2.89,9.8825,15.29
6.246031746,129.495,58.82,11.295,2110.3,94.253,2.875,10.19,14.3
6.257936508,133,58.57,10.335,2109.66,94.569,2.76,9.565,14.56
6.261904762,132.17,58.3,9.675,2115.48,94.493,2.565,9.4425,13.69
6.265873016,128.79,60.1,8.43,2113.86,94.213,2.51,8.27,13.84
6.26984127,130.415,58.31,9.12,2110.74,95.292,2.41,8.51,13.91
6.273809524,128.46,59.99,9.285,2104.5,95.293,2.62,8.7,13.34
6.257936508,129.09,58.83,9.5275,2117.39,95.462,2.735,8.93,13.04
6.261904762,129.36,60.01,9.475,2107.78,95.383,2.75,8.425,13.86
6.265873016,128.54,59.64,10.17,2098.53,95.965,2.535,8.5475,14.23
6.26984127,126.41,59.07,9.77,2101.04,96.378,2.425,9.035,14.04
6.273809524,126.6,58.34,9.9475,2071.26,97.615,2.185,9.06,15.2
6.285714286,127.14,57.94,10.055,2079.43,97.588,2.245,9.2375,15.06
6.28968254,124.51,56.48,11.4275,2044.16,98.618,2.245,9.7875,16.69
6.293650794,122.24,56.91,12.93,2040.24,99.795,2.3125,9.785,16.87
6.297619048,124.45,56.52,12.27,2065.95,99.435,2.35,9.4675,15.42
6.301587302,123.59,54.77,13.125,2053.4,100.33,2.515,9.345,16
6.313492063,124.95,53.84,12.8575,2081.19,99.604,2.3525,9.18,15.61
6.317460317,127.04,52.77,12.685,2074.28,99.585,2.285,9.0175,15.66
6.321428571,128.47,54.85,12.17,2099.5,98.55,2.235,8.9,13.97
6.325396825,127.495,53.35,12.5,2089.27,99.26,2.165,8.7875,14.07
6.329365079,125.9,54.44,12.19,2108.1,97.909,2.17,8.32,13.02
6.341269841,127.21,54.88,12.9875,2104.42,97.033,2.1325,8.6025,13.41
6.345238095,126.69,54.54,12.2725,2091.5,97.193,2.125,8.595,13.62
6.349206349,123.38,55.74,11.5125,2061.05,96.979,2.09,8.25,15.44
6.353174603,124.24,57.7,11.86,2056.15,97.436,1.97,8.555,15.8
6.357142857,123.25,55.61,12.065,2061.02,97.291,1.89,8.5675,15.07
6.369047619,126.37,55.79,12.845,2086.24,97.975,1.815,9.01,14.51
6.373015873,124.43,54.87,12.8175,2067.89,98.357,1.805,9.5,15.29
6.337301587,124.25,56.74,12.245,2059.69,98.185,1.645,9.405,15.11
6.341269841,125.32,55.4,12.185,2066.96,97.436,1.575,9.2075,14.67
6.357142857,127.35,57.75,10.915,2080.62,96.777,1.595,8.0075,14.74
6.361111111,126.01,58.54,11.255,2076.33,97.83,1.56,8.4525,14.78
6.365079365,125.6,55.8,10.685,2081.9,97.94,1.56,7.97,13.98
6.369047619,126.56,56.72,11.095,2091.18,99.155,1.585,8.125,13.09
6.373015873,127.1,57.62,11.58,2102.06,99.338,1.58,8.08,12.58
6.384920635,126.85,57.8,12.1,2092.43,99.49,1.585,8.525,13.94
6.388888889,126.3,58.55,11.78,2095.84,98.733,1.45,8.41,13.67
6.392857143,126.78,60.9,11.69,2106.63,98.319,1.2425,8.19,12.84
6.396825397,126.17,61.41,12.06,2104.99,97.415,1.205,8.005,12.6
6.400793651,124.75,60.71,11.97,2081.18,97.52,1.27,8.0775,13.89
6.412698413,127.6,61.49,12.39,2100.4,97.941,1.3075,8.2825,13.3
6.416666667,126.91,60.5,12.505,2097.29,98.004,1.31,8.46,13.25
6.420634921,128.62,60.65,12.385,2107.96,97.932,1.295,8.51,12.71
6.424603175,129.67,62.04,11.9125,2112.93,97.278,1.25,8.3125,12.48
6.428571429,130.28,62.03,11.91,2117.69,96.922,1.25,8.305,12.29
6.44047619,132.65,61.77,11.935,2108.92,96.765,1.295,8.485,13.12
6.444444444,130.56,61.52,11.165,2114.76,96.092,1.3,7.9575,12.41
6.448412698,128.64,62.44,11.09,2106.85,95.209,1.305,8.03,13.39
6.452380952,125.15,63.07,12.025,2085.51,94.6,1.33,8.01,14.55
6.420634921,128.95,62.94,12.65,2108.29,95.297,1.3275,8.395,12.7
6.432539683,128.7,62.78,12.91,2114.49,95.48,1.33,8.6075,12.85
6.436507937,125.8,63.75,12.555,2089.46,95.076,1.305,8.37,14.31
6.44047619,125.01,64.01,12.765,2080.15,94.087,1.3075,8.14,15.15
6.444444444,125.26,61.9,12.825,2088,94.635,1.3075,8.3775,15.13
6.448412698,127.62,62.23,11.295,2116.1,94.794,1.3075,7.7875,12.86
6.46031746,126.32,62.28,11.44,2105.33,95.011,1.2675,7.595,13.85
6.464285714,125.865,63.58,11.25,2099.12,94.534,1.2275,7.375,13.86
6.468253968,126.01,63.31,10.705,2098.48,93.617,1.2075,6.7525,13.76
6.472222222,128.95,62.84,11.0225,2121.1,93.457,1.205,6.72,12.74
6.476190476,128.77,62.43,10.925,2122.73,93.135,1.205,6.765,12.38
6.488095238,130.19,61.86,11.785,2129.2,94.221,1.235,7.175,12.73
6.492063492,130.07,59.91,12.995,2127.83,95.267,1.2075,7.8875,12.85
6.496031746,130.06,60.8,12.7875,2125.85,95.448,1.2225,8.2475,12.88
6.5,131.39,62.21,11.9775,2130.82,95.255,1.1775,7.6375,12.11
6.503968254,132.54,61.3,12.5675,2126.06,96.014,1.1775,7.6575,12.13
6.51984127,129.62,59.73,13.28,2104.2,97.299,1.1775,9.37,14.06
6.523809524,132.045,58.87,12.6875,2123.48,97.371,1.1075,9.765,13.27
6.527777778,131.78,59,12.1275,2120.79,96.965,1.085,9.475,13.31
6.531746032,130.28,61.51,11.8325,2107.39,96.907,1.085,8.8325,13.84
6.503968254,130.535,61.18,12.6725,2111.73,97.392,1.0925,9.005,13.97
6.507936508,129.96,62.25,13.0025,2109.6,95.835,1.0525,9.31,14.24
6.511904762,130.12,60.93,12.895,2114.07,95.465,1.055,9.3175,13.66
6.515873016,129.36,59.53,12.855,2095.84,95.461,1.0875,8.9,14.71
6.51984127,128.65,60.86,13.0325,2092.83,96.306,1.0875,8.5775,14.21
6.531746032,127.8,59.93,13.355,2079.28,95.299,1.0925,8.675,15.29
6.535714286,127.42,61.79,13.5975,2080.15,95.166,1.1075,9.0325,14.47
6.53968254,128.88,62.83,13.9025,2105.2,94.646,1.0775,9.265,13.22
6.543650794,128.59,62.33,13.24,2108.86,94.976,1.08,8.6525,12.85
6.547619048,127.17,61.44,13.6875,2094.11,94.972,1.055,8.6525,13.78
6.55952381,126.92,61.15,14.05,2084.43,94.81,1.0525,9.005,15.39
6.563492063,127.6,61.67,13.44,2096.29,94.999,1.0025,8.6325,14.81
6.567460317,127.3,61.71,12.0725,2100.44,94.296,1.025,7.915,14.5
6.571428571,127.88,62.14,11.6625,2121.24,94.042,1.02,7.7375,13.19
6.575396825,126.6,61.34,12.51,2109.99,94.085,1.035,7.91,13.96
6.587301587,127.61,61.85,11.9475,2122.85,94.329,1.03,7.4425,12.74
6.591269841,127.03,62.31,11.9775,2124.2,95.432,1.045,7.69,12.11
6.595238095,128.11,61.54,11.415,2108.58,95.264,1.035,7.6275,13.26
6.599206349,127.5,60.91,11.2775,2102.31,95.187,1.0275,7.3275,14.01
6.603174603,126.75,60.94,11.7825,2101.49,95.472,1.08,7.6375,14.02
6.615079365,124.53,59.68,13.455,2057.64,94.79,1.095,8.69,18.85
6.619047619,125.425,60.78,13.4875,2063.11,95.485,1.1,8.905,18.23
6.587301587,126.6,58.55,12.795,2077.42,96.31,1.085,8.23,16.09
6.591269841,126.44,58.45,12.05,2076.78,96.113,1.07,7.67,16.79
6.607142857,126,54,12.7175,2068.76,96.298,1.105,8,17.01
6.611111111,125.69,53.9,13.14,2081.34,96.865,1.35,8.5575,16.09
6.615079365,122.57,53.46,13.41,2046.68,96.294,1.3525,9.915,19.66
6.619047619,120.07,54.6,12.98,2051.31,96.606,1.24,9.28,19.97
6.623015873,123.28,54.68,12.055,2076.62,96.025,1.2225,8.36,16.83
6.634920635,125.66,54.27,11.76,2099.6,96.858,1.225,8.295,13.9
6.638888889,125.61,54.98,11.6625,2108.95,96.643,1.155,8.06,13.37
6.642857143,126.82,53.27,11.1475,2107.4,97.166,1.075,7.67,13.23
6.646825397,128.51,52.74,10.67,2124.29,97.668,1.105,7.71,12.11
6.650793651,129.62,52.7,9.745,2126.64,97.862,1.05,7.175,11.95
6.662698413,132.07,52.09,9.9425,2128.28,98.029,1.11,7.25,12.25
6.666666667,130.75,52.57,9.97,2119.21,97.328,1.035,6.975,12.22
6.670634921,125.22,51.03,10.385,2114.15,97.598,1.0525,7.01,12.12
6.674603175,125.16,50.24,10.345,2102.15,97.115,1.0225,7.015,12.64
6.678571429,124.5,49.91,10.3775,2079.65,97.244,1.175,7.15,13.74
6.69047619,122.77,49.21,10.6075,2067.64,96.502,1.245,7.505,15.6
6.694444444,123.38,49.71,10.3,2093.25,96.772,1.2425,7.4725,13.44
6.698412698,122.99,50.32,9.825,2108.57,96.976,1.23,7.015,12.5
6.702380952,122.37,50.18,10.02,2108.63,97.56,1.265,7.1925,12.13
6.706349206,121.3,48.92,9.985,2103.84,97.336,1.505,7.1825,12.12
6.678571429,118.44,46.87,10.67,2098.04,97.494,1.515,7.435,12.56
6.682539683,114.64,47.36,10.5525,2093.32,97.931,1.2825,7.3975,13